po_id,supplier,item_name,quantity,order_date,delivery_date
1,SteelCorp,Leather Hides,99,2020-01-01 00:00:00,2020-01-05 00:00:00
2,FastenIt,Benzene,62,2020-01-01 01:00:00,2020-01-05 01:00:00
3,PolyPlast,Acetone,67,2020-01-01 02:00:00,2020-01-05 02:00:00
4,SteelCorp,Teflon Sheets,81,2020-01-01 03:00:00,2020-01-05 03:00:00
5,FastenIt,Clay Bricks,60,2020-01-01 04:00:00,2020-01-05 04:00:00
6,FastenIt,Shrink Film,98,2020-01-01 05:00:00,2020-01-05 05:00:00
7,FastenIt,Washers,60,2020-01-01 06:00:00,2020-01-05 06:00:00
8,FastenIt,Wooden Pallets,61,2020-01-01 07:00:00,2020-01-05 07:00:00
9,PolyPlast,Diodes,79,2020-01-01 08:00:00,2020-01-05 08:00:00
10,FastenIt,Steel Rods,84,2020-01-01 09:00:00,2020-01-05 09:00:00
11,PolyPlast,Polyethylene Pellets,60,2020-01-01 10:00:00,2020-01-05 10:00:00
12,BoxMakers,Clay Bricks,62,2020-01-01 11:00:00,2020-01-05 11:00:00
13,SteelCorp,Zinc Coils,99,2020-01-01 12:00:00,2020-01-05 12:00:00
14,FastenIt,Fiber Optic Cables,89,2020-01-01 13:00:00,2020-01-05 13:00:00
15,BoxMakers,Wheat Flour,98,2020-01-01 14:00:00,2020-01-05 14:00:00
16,SteelCorp,Epoxy Resin,60,2020-01-01 15:00:00,2020-01-05 15:00:00
17,SteelCorp,Nylon Thread,52,2020-01-01 16:00:00,2020-01-05 16:00:00
18,SteelCorp,Silicon Wafers,97,2020-01-01 17:00:00,2020-01-05 17:00:00
19,BoxMakers,Sulfuric Acid,61,2020-01-01 18:00:00,2020-01-05 18:00:00
20,PolyPlast,Bubble Wrap,96,2020-01-01 19:00:00,2020-01-05 19:00:00
21,BoxMakers,Steel Rods,91,2020-01-01 20:00:00,2020-01-05 20:00:00
22,FastenIt,Glass Sheets,77,2020-01-01 21:00:00,2020-01-05 21:00:00
23,FastenIt,PVC Pipes,53,2020-01-01 22:00:00,2020-01-05 22:00:00
24,BoxMakers,Polystyrene Foam,66,2020-01-01 23:00:00,2020-01-05 23:00:00
25,SteelCorp,Silk Cloth,50,2020-01-02 00:00:00,2020-01-06 00:00:00
26,PolyPlast,Ethanol,63,2020-01-02 01:00:00,2020-01-06 01:00:00
27,PolyPlast,PVC Pipes,88,2020-01-02 02:00:00,2020-01-06 02:00:00
28,PolyPlast,Stainless Steel Pipes,54,2020-01-02 03:00:00,2020-01-06 03:00:00
29,PolyPlast,Velvet Cloth,53,2020-01-02 04:00:00,2020-01-06 04:00:00
30,SteelCorp,Aluminum Sheets,69,2020-01-02 05:00:00,2020-01-06 05:00:00
31,PolyPlast,Polyethylene Pellets,67,2020-01-02 06:00:00,2020-01-06 06:00:00
32,SteelCorp,Zinc Coils,66,2020-01-02 07:00:00,2020-01-06 07:00:00
33,FastenIt,Zinc Coils,57,2020-01-02 08:00:00,2020-01-06 08:00:00
34,SteelCorp,Velvet Cloth,74,2020-01-02 09:00:00,2020-01-06 09:00:00
35,FastenIt,Cocoa Beans,61,2020-01-02 10:00:00,2020-01-06 10:00:00
36,PolyPlast,Springs,72,2020-01-02 11:00:00,2020-01-06 11:00:00
37,BoxMakers,Silicon Wafers,77,2020-01-02 12:00:00,2020-01-06 12:00:00
38,FastenIt,Lithium Batteries,52,2020-01-02 13:00:00,2020-01-06 13:00:00
39,FastenIt,Copper Wire,58,2020-01-02 14:00:00,2020-01-06 14:00:00
40,SteelCorp,Coffee Beans,58,2020-01-02 15:00:00,2020-01-06 15:00:00
41,BoxMakers,Isopropyl Alcohol,75,2020-01-02 16:00:00,2020-01-06 16:00:00
42,FastenIt,Lead Blocks,88,2020-01-02 17:00:00,2020-01-06 17:00:00
43,SteelCorp,Sugar,83,2020-01-02 18:00:00,2020-01-06 18:00:00
44,PolyPlast,Stainless Steel Pipes,74,2020-01-02 19:00:00,2020-01-06 19:00:00
45,FastenIt,Capacitors,71,2020-01-02 20:00:00,2020-01-06 20:00:00
46,PolyPlast,Ceramic Tiles,54,2020-01-02 21:00:00,2020-01-06 21:00:00
47,FastenIt,Bubble Wrap,81,2020-01-02 22:00:00,2020-01-06 22:00:00
48,FastenIt,Salt,61,2020-01-02 23:00:00,2020-01-06 23:00:00
49,BoxMakers,Cement Bags,87,2020-01-03 00:00:00,2020-01-07 00:00:00
50,FastenIt,Coffee Beans,57,2020-01-03 01:00:00,2020-01-07 01:00:00
51,SteelCorp,Glass Bottles,72,2020-01-03 02:00:00,2020-01-07 02:00:00
52,PolyPlast,Coffee Beans,92,2020-01-03 03:00:00,2020-01-07 03:00:00
53,PolyPlast,Hydrochloric Acid,81,2020-01-03 04:00:00,2020-01-07 04:00:00
54,PolyPlast,Teflon Sheets,59,2020-01-03 05:00:00,2020-01-07 05:00:00
55,FastenIt,Seals,68,2020-01-03 06:00:00,2020-01-07 06:00:00
56,SteelCorp,ABS Resin,73,2020-01-03 07:00:00,2020-01-07 07:00:00
57,FastenIt,Springs,69,2020-01-03 08:00:00,2020-01-07 08:00:00
58,BoxMakers,Zinc Coils,75,2020-01-03 09:00:00,2020-01-07 09:00:00
59,SteelCorp,Aluminum Cans,55,2020-01-03 10:00:00,2020-01-07 10:00:00
60,FastenIt,Cardboard Boxes,75,2020-01-03 11:00:00,2020-01-07 11:00:00
61,FastenIt,Silicone Oil,95,2020-01-03 12:00:00,2020-01-07 12:00:00
62,BoxMakers,Cotton Yarn,97,2020-01-03 13:00:00,2020-01-07 13:00:00
63,FastenIt,Stainless Steel Pipes,74,2020-01-03 14:00:00,2020-01-07 14:00:00
64,BoxMakers,Polystyrene Foam,94,2020-01-03 15:00:00,2020-01-07 15:00:00
65,FastenIt,Sand,76,2020-01-03 16:00:00,2020-01-07 16:00:00
66,SteelCorp,Jute Bags,93,2020-01-03 17:00:00,2020-01-07 17:00:00
67,BoxMakers,LED Chips,82,2020-01-03 18:00:00,2020-01-07 18:00:00
68,SteelCorp,Bolts,80,2020-01-03 19:00:00,2020-01-07 19:00:00
69,SteelCorp,Wool Rolls,64,2020-01-03 20:00:00,2020-01-07 20:00:00
70,SteelCorp,Cement Bags,57,2020-01-03 21:00:00,2020-01-07 21:00:00
71,PolyPlast,Polyethylene Pellets,82,2020-01-03 22:00:00,2020-01-07 22:00:00
72,PolyPlast,PVC Pipes,51,2020-01-03 23:00:00,2020-01-07 23:00:00
73,BoxMakers,Gravel,97,2020-01-04 00:00:00,2020-01-08 00:00:00
74,SteelCorp,Isopropyl Alcohol,95,2020-01-04 01:00:00,2020-01-08 01:00:00
75,SteelCorp,Sodium Hydroxide,93,2020-01-04 02:00:00,2020-01-08 02:00:00
76,PolyPlast,Epoxy Resin,76,2020-01-04 03:00:00,2020-01-08 03:00:00
77,FastenIt,Stainless Steel Pipes,65,2020-01-04 04:00:00,2020-01-08 04:00:00
78,SteelCorp,Denim Fabric,54,2020-01-04 05:00:00,2020-01-08 05:00:00
79,PolyPlast,Washers,60,2020-01-04 06:00:00,2020-01-08 06:00:00
80,BoxMakers,Stainless Steel Pipes,71,2020-01-04 07:00:00,2020-01-08 07:00:00
81,BoxMakers,Coffee Beans,89,2020-01-04 08:00:00,2020-01-08 08:00:00
82,FastenIt,Silicone Oil,92,2020-01-04 09:00:00,2020-01-08 09:00:00
83,SteelCorp,Washers,93,2020-01-04 10:00:00,2020-01-08 10:00:00
84,PolyPlast,PVC Pipes,80,2020-01-04 11:00:00,2020-01-08 11:00:00
85,PolyPlast,Titanium Plates,72,2020-01-04 12:00:00,2020-01-08 12:00:00
86,FastenIt,Resistors,50,2020-01-04 13:00:00,2020-01-08 13:00:00
87,PolyPlast,Bolts,67,2020-01-04 14:00:00,2020-01-08 14:00:00
88,PolyPlast,Isopropyl Alcohol,62,2020-01-04 15:00:00,2020-01-08 15:00:00
89,FastenIt,Steel Rods,77,2020-01-04 16:00:00,2020-01-08 16:00:00
90,BoxMakers,Pins,93,2020-01-04 17:00:00,2020-01-08 17:00:00
91,FastenIt,Salt,97,2020-01-04 18:00:00,2020-01-08 18:00:00
92,FastenIt,Milk Powder,72,2020-01-04 19:00:00,2020-01-08 19:00:00
93,BoxMakers,Brass Fittings,81,2020-01-04 20:00:00,2020-01-08 20:00:00
94,BoxMakers,Timber Logs,84,2020-01-04 21:00:00,2020-01-08 21:00:00
95,FastenIt,Clay Bricks,84,2020-01-04 22:00:00,2020-01-08 22:00:00
96,SteelCorp,Acrylic Sheets,92,2020-01-04 23:00:00,2020-01-08 23:00:00
97,BoxMakers,Palm Oil,54,2020-01-05 00:00:00,2020-01-09 00:00:00
98,FastenIt,Rivets,86,2020-01-05 01:00:00,2020-01-09 01:00:00
99,PolyPlast,Copper PCBs,69,2020-01-05 02:00:00,2020-01-09 02:00:00
100,SteelCorp,Cement Bags,94,2020-01-05 03:00:00,2020-01-09 03:00:00
101,PolyPlast,Copper PCBs,67,2020-01-05 04:00:00,2020-01-09 04:00:00
102,BoxMakers,Aluminum Cans,98,2020-01-05 05:00:00,2020-01-09 05:00:00
103,SteelCorp,Polycarbonate Pellets,97,2020-01-05 06:00:00,2020-01-09 06:00:00
104,FastenIt,Fiber Optic Cables,56,2020-01-05 07:00:00,2020-01-09 07:00:00
105,SteelCorp,Lead Blocks,56,2020-01-05 08:00:00,2020-01-09 08:00:00
106,BoxMakers,Cement Bags,98,2020-01-05 09:00:00,2020-01-09 09:00:00
107,SteelCorp,Salt,59,2020-01-05 10:00:00,2020-01-09 10:00:00
108,FastenIt,Gelatin Powder,78,2020-01-05 11:00:00,2020-01-09 11:00:00
109,FastenIt,Silk Cloth,63,2020-01-05 12:00:00,2020-01-09 12:00:00
110,SteelCorp,Iron Ingots,59,2020-01-05 13:00:00,2020-01-09 13:00:00
111,FastenIt,Acrylic Sheets,71,2020-01-05 14:00:00,2020-01-09 14:00:00
112,SteelCorp,Corn Starch,52,2020-01-05 15:00:00,2020-01-09 15:00:00
113,SteelCorp,Cement Bags,59,2020-01-05 16:00:00,2020-01-09 16:00:00
114,SteelCorp,Ethanol,96,2020-01-05 17:00:00,2020-01-09 17:00:00
115,SteelCorp,Titanium Plates,86,2020-01-05 18:00:00,2020-01-09 18:00:00
116,BoxMakers,Sodium Hydroxide,78,2020-01-05 19:00:00,2020-01-09 19:00:00
117,FastenIt,Cotton Yarn,50,2020-01-05 20:00:00,2020-01-09 20:00:00
118,SteelCorp,Bolts,60,2020-01-05 21:00:00,2020-01-09 21:00:00
119,FastenIt,Latex Compound,63,2020-01-05 22:00:00,2020-01-09 22:00:00
120,BoxMakers,Glass Bottles,93,2020-01-05 23:00:00,2020-01-09 23:00:00
121,FastenIt,Polypropylene Sheets,52,2020-01-06 00:00:00,2020-01-10 00:00:00
122,FastenIt,Pins,87,2020-01-06 01:00:00,2020-01-10 01:00:00
123,PolyPlast,Gelatin Powder,57,2020-01-06 02:00:00,2020-01-10 02:00:00
124,PolyPlast,Cotton Yarn,73,2020-01-06 03:00:00,2020-01-10 03:00:00
125,PolyPlast,Nylon Thread,80,2020-01-06 04:00:00,2020-01-10 04:00:00
126,SteelCorp,Diodes,67,2020-01-06 05:00:00,2020-01-10 05:00:00
127,PolyPlast,Nuts,53,2020-01-06 06:00:00,2020-01-10 06:00:00
128,PolyPlast,Canvas Sheets,97,2020-01-06 07:00:00,2020-01-10 07:00:00
129,PolyPlast,Corn Starch,84,2020-01-06 08:00:00,2020-01-10 08:00:00
130,FastenIt,LED Chips,66,2020-01-06 09:00:00,2020-01-10 09:00:00
131,SteelCorp,Jute Bags,68,2020-01-06 10:00:00,2020-01-10 10:00:00
132,FastenIt,Concrete Blocks,92,2020-01-06 11:00:00,2020-01-10 11:00:00
133,PolyPlast,Capacitors,68,2020-01-06 12:00:00,2020-01-10 12:00:00
134,BoxMakers,ABS Resin,78,2020-01-06 13:00:00,2020-01-10 13:00:00
135,SteelCorp,Epoxy Resin,85,2020-01-06 14:00:00,2020-01-10 14:00:00
136,PolyPlast,Nickel Powder,76,2020-01-06 15:00:00,2020-01-10 15:00:00
137,BoxMakers,Nuts,99,2020-01-06 16:00:00,2020-01-10 16:00:00
138,SteelCorp,Gypsum Boards,89,2020-01-06 17:00:00,2020-01-10 17:00:00
139,BoxMakers,Aluminum Sheets,92,2020-01-06 18:00:00,2020-01-10 18:00:00
140,SteelCorp,Isopropyl Alcohol,96,2020-01-06 19:00:00,2020-01-10 19:00:00
141,PolyPlast,Stainless Steel Pipes,55,2020-01-06 20:00:00,2020-01-10 20:00:00
142,FastenIt,Bolts,78,2020-01-06 21:00:00,2020-01-10 21:00:00
143,BoxMakers,Cardboard Boxes,93,2020-01-06 22:00:00,2020-01-10 22:00:00
144,BoxMakers,Sodium Hydroxide,69,2020-01-06 23:00:00,2020-01-10 23:00:00
145,PolyPlast,Cotton Yarn,60,2020-01-07 00:00:00,2020-01-11 00:00:00
146,SteelCorp,Epoxy Resin,60,2020-01-07 01:00:00,2020-01-11 01:00:00
147,FastenIt,Iron Ingots,59,2020-01-07 02:00:00,2020-01-11 02:00:00
148,PolyPlast,Sulfuric Acid,77,2020-01-07 03:00:00,2020-01-11 03:00:00
149,PolyPlast,Milk Powder,85,2020-01-07 04:00:00,2020-01-11 04:00:00
150,FastenIt,Clay Bricks,61,2020-01-07 05:00:00,2020-01-11 05:00:00
151,SteelCorp,Bearings,82,2020-01-07 06:00:00,2020-01-11 06:00:00
152,BoxMakers,Plywood Sheets,88,2020-01-07 07:00:00,2020-01-11 07:00:00
153,BoxMakers,Corrugated Sheets,81,2020-01-07 08:00:00,2020-01-11 08:00:00
154,FastenIt,Cardboard Boxes,72,2020-01-07 09:00:00,2020-01-11 09:00:00
155,BoxMakers,Plywood Sheets,77,2020-01-07 10:00:00,2020-01-11 10:00:00
156,FastenIt,Nuts,71,2020-01-07 11:00:00,2020-01-11 11:00:00
157,FastenIt,Lithium Batteries,83,2020-01-07 12:00:00,2020-01-11 12:00:00
158,FastenIt,Cardboard Boxes,94,2020-01-07 13:00:00,2020-01-11 13:00:00
159,BoxMakers,LED Chips,91,2020-01-07 14:00:00,2020-01-11 14:00:00
160,PolyPlast,Isopropyl Alcohol,93,2020-01-07 15:00:00,2020-01-11 15:00:00
161,BoxMakers,Jute Bags,85,2020-01-07 16:00:00,2020-01-11 16:00:00
162,BoxMakers,Clamps,91,2020-01-07 17:00:00,2020-01-11 17:00:00
163,FastenIt,Acrylic Sheets,73,2020-01-07 18:00:00,2020-01-11 18:00:00
164,BoxMakers,Leather Hides,90,2020-01-07 19:00:00,2020-01-11 19:00:00
165,FastenIt,Isopropyl Alcohol,73,2020-01-07 20:00:00,2020-01-11 20:00:00
166,FastenIt,Ceramic Tiles,58,2020-01-07 21:00:00,2020-01-11 21:00:00
167,BoxMakers,Ethanol,91,2020-01-07 22:00:00,2020-01-11 22:00:00
168,BoxMakers,Sugar,95,2020-01-07 23:00:00,2020-01-11 23:00:00
169,FastenIt,Steel Rods,97,2020-01-08 00:00:00,2020-01-12 00:00:00
170,SteelCorp,Pins,65,2020-01-08 01:00:00,2020-01-12 01:00:00
171,PolyPlast,Jute Bags,86,2020-01-08 02:00:00,2020-01-12 02:00:00
172,BoxMakers,Sand,51,2020-01-08 03:00:00,2020-01-12 03:00:00
173,FastenIt,Silicone Oil,80,2020-01-08 04:00:00,2020-01-12 04:00:00
174,BoxMakers,Seals,87,2020-01-08 05:00:00,2020-01-12 05:00:00
175,PolyPlast,Seals,92,2020-01-08 06:00:00,2020-01-12 06:00:00
176,BoxMakers,Zinc Coils,50,2020-01-08 07:00:00,2020-01-12 07:00:00
177,PolyPlast,Clamps,69,2020-01-08 08:00:00,2020-01-12 08:00:00
178,SteelCorp,Salt,56,2020-01-08 09:00:00,2020-01-12 09:00:00
179,BoxMakers,Corrugated Sheets,79,2020-01-08 10:00:00,2020-01-12 10:00:00
180,BoxMakers,Polycarbonate Pellets,53,2020-01-08 11:00:00,2020-01-12 11:00:00
181,FastenIt,Bolts,81,2020-01-08 12:00:00,2020-01-12 12:00:00
182,SteelCorp,Bubble Wrap,79,2020-01-08 13:00:00,2020-01-12 13:00:00
183,FastenIt,Gypsum Boards,66,2020-01-08 14:00:00,2020-01-12 14:00:00
184,BoxMakers,Epoxy Resin,53,2020-01-08 15:00:00,2020-01-12 15:00:00
185,FastenIt,Sodium Hydroxide,76,2020-01-08 16:00:00,2020-01-12 16:00:00
186,SteelCorp,Polypropylene Sheets,56,2020-01-08 17:00:00,2020-01-12 17:00:00
187,SteelCorp,Polypropylene Sheets,91,2020-01-08 18:00:00,2020-01-12 18:00:00
188,BoxMakers,Silk Cloth,87,2020-01-08 19:00:00,2020-01-12 19:00:00
189,SteelCorp,Titanium Plates,61,2020-01-08 20:00:00,2020-01-12 20:00:00
190,BoxMakers,Silicone Oil,67,2020-01-08 21:00:00,2020-01-12 21:00:00
191,FastenIt,Aluminum Cans,93,2020-01-08 22:00:00,2020-01-12 22:00:00
192,BoxMakers,Corn Starch,53,2020-01-08 23:00:00,2020-01-12 23:00:00
193,BoxMakers,Diodes,70,2020-01-09 00:00:00,2020-01-13 00:00:00
194,FastenIt,Screws,77,2020-01-09 01:00:00,2020-01-13 01:00:00
195,SteelCorp,Pins,78,2020-01-09 02:00:00,2020-01-13 02:00:00
196,SteelCorp,Hydrochloric Acid,64,2020-01-09 03:00:00,2020-01-13 03:00:00
197,SteelCorp,Copper Wire,64,2020-01-09 04:00:00,2020-01-13 04:00:00
198,PolyPlast,Nickel Powder,66,2020-01-09 05:00:00,2020-01-13 05:00:00
199,BoxMakers,Polyethylene Pellets,85,2020-01-09 06:00:00,2020-01-13 06:00:00
200,SteelCorp,Stainless Steel Pipes,88,2020-01-09 07:00:00,2020-01-13 07:00:00
201,PolyPlast,Velvet Cloth,93,2020-01-09 08:00:00,2020-01-13 08:00:00
202,BoxMakers,Velvet Cloth,77,2020-01-09 09:00:00,2020-01-13 09:00:00
203,FastenIt,Ceramic Tiles,88,2020-01-09 10:00:00,2020-01-13 10:00:00
204,BoxMakers,LED Chips,73,2020-01-09 11:00:00,2020-01-13 11:00:00
205,BoxMakers,Denim Fabric,70,2020-01-09 12:00:00,2020-01-13 12:00:00
206,FastenIt,Stainless Steel Pipes,73,2020-01-09 13:00:00,2020-01-13 13:00:00
207,PolyPlast,Stainless Steel Pipes,84,2020-01-09 14:00:00,2020-01-13 14:00:00
208,SteelCorp,Velvet Cloth,82,2020-01-09 15:00:00,2020-01-13 15:00:00
209,SteelCorp,Canvas Sheets,51,2020-01-09 16:00:00,2020-01-13 16:00:00
210,SteelCorp,Clamps,72,2020-01-09 17:00:00,2020-01-13 17:00:00
211,FastenIt,Plastic Caps,71,2020-01-09 18:00:00,2020-01-13 18:00:00
212,FastenIt,Salt,54,2020-01-09 19:00:00,2020-01-13 19:00:00
213,SteelCorp,Rivets,95,2020-01-09 20:00:00,2020-01-13 20:00:00
214,BoxMakers,Lead Blocks,90,2020-01-09 21:00:00,2020-01-13 21:00:00
215,BoxMakers,Iron Ingots,89,2020-01-09 22:00:00,2020-01-13 22:00:00
216,SteelCorp,Plastic Caps,74,2020-01-09 23:00:00,2020-01-13 23:00:00
217,SteelCorp,Acetone,72,2020-01-10 00:00:00,2020-01-14 00:00:00
218,FastenIt,Copper Wire,67,2020-01-10 01:00:00,2020-01-14 01:00:00
219,SteelCorp,Washers,76,2020-01-10 02:00:00,2020-01-14 02:00:00
220,PolyPlast,Brass Fittings,58,2020-01-10 03:00:00,2020-01-14 03:00:00
221,BoxMakers,Soy Protein,55,2020-01-10 04:00:00,2020-01-14 04:00:00
222,SteelCorp,Polypropylene Sheets,83,2020-01-10 05:00:00,2020-01-14 05:00:00
223,SteelCorp,ABS Resin,72,2020-01-10 06:00:00,2020-01-14 06:00:00
224,FastenIt,Nuts,68,2020-01-10 07:00:00,2020-01-14 07:00:00
225,PolyPlast,Silicone Oil,60,2020-01-10 08:00:00,2020-01-14 08:00:00
226,FastenIt,Wheat Flour,79,2020-01-10 09:00:00,2020-01-14 09:00:00
227,SteelCorp,Glass Bottles,61,2020-01-10 10:00:00,2020-01-14 10:00:00
228,BoxMakers,Hydrochloric Acid,80,2020-01-10 11:00:00,2020-01-14 11:00:00
229,PolyPlast,Sulfuric Acid,57,2020-01-10 12:00:00,2020-01-14 12:00:00
230,PolyPlast,Kraft Paper Rolls,80,2020-01-10 13:00:00,2020-01-14 13:00:00
231,PolyPlast,Fiber Optic Cables,92,2020-01-10 14:00:00,2020-01-14 14:00:00
232,FastenIt,Polycarbonate Pellets,71,2020-01-10 15:00:00,2020-01-14 15:00:00
233,SteelCorp,Seals,57,2020-01-10 16:00:00,2020-01-14 16:00:00
234,SteelCorp,Springs,75,2020-01-10 17:00:00,2020-01-14 17:00:00
235,SteelCorp,Transistors,94,2020-01-10 18:00:00,2020-01-14 18:00:00
236,PolyPlast,Concrete Blocks,69,2020-01-10 19:00:00,2020-01-14 19:00:00
237,PolyPlast,Polypropylene Sheets,75,2020-01-10 20:00:00,2020-01-14 20:00:00
238,BoxMakers,Epoxy Resin,95,2020-01-10 21:00:00,2020-01-14 21:00:00
239,PolyPlast,Polypropylene Sheets,92,2020-01-10 22:00:00,2020-01-14 22:00:00
240,SteelCorp,Ammonia,53,2020-01-10 23:00:00,2020-01-14 23:00:00
241,SteelCorp,Wooden Pallets,70,2020-01-11 00:00:00,2020-01-15 00:00:00
242,PolyPlast,Zinc Coils,99,2020-01-11 01:00:00,2020-01-15 01:00:00
243,BoxMakers,Seals,69,2020-01-11 02:00:00,2020-01-15 02:00:00
244,PolyPlast,Clamps,87,2020-01-11 03:00:00,2020-01-15 03:00:00
245,PolyPlast,Velvet Cloth,83,2020-01-11 04:00:00,2020-01-15 04:00:00
246,FastenIt,Lithium Batteries,94,2020-01-11 05:00:00,2020-01-15 05:00:00
247,PolyPlast,Acrylic Sheets,75,2020-01-11 06:00:00,2020-01-15 06:00:00
248,SteelCorp,Ethanol,57,2020-01-11 07:00:00,2020-01-15 07:00:00
249,SteelCorp,Brass Fittings,87,2020-01-11 08:00:00,2020-01-15 08:00:00
250,SteelCorp,Plastic Crates,70,2020-01-11 09:00:00,2020-01-15 09:00:00
251,FastenIt,Isopropyl Alcohol,84,2020-01-11 10:00:00,2020-01-15 10:00:00
252,FastenIt,Copper Wire,66,2020-01-11 11:00:00,2020-01-15 11:00:00
253,PolyPlast,Stainless Steel Pipes,95,2020-01-11 12:00:00,2020-01-15 12:00:00
254,BoxMakers,Corn Starch,90,2020-01-11 13:00:00,2020-01-15 13:00:00
255,PolyPlast,Polystyrene Foam,89,2020-01-11 14:00:00,2020-01-15 14:00:00
256,FastenIt,Gelatin Powder,83,2020-01-11 15:00:00,2020-01-15 15:00:00
257,PolyPlast,Canvas Sheets,83,2020-01-11 16:00:00,2020-01-15 16:00:00
258,FastenIt,Resistors,51,2020-01-11 17:00:00,2020-01-15 17:00:00
259,SteelCorp,Titanium Plates,59,2020-01-11 18:00:00,2020-01-15 18:00:00
260,SteelCorp,Lithium Batteries,73,2020-01-11 19:00:00,2020-01-15 19:00:00
261,FastenIt,Lithium Batteries,54,2020-01-11 20:00:00,2020-01-15 20:00:00
262,PolyPlast,Isopropyl Alcohol,74,2020-01-11 21:00:00,2020-01-15 21:00:00
263,BoxMakers,Transistors,56,2020-01-11 22:00:00,2020-01-15 22:00:00
264,SteelCorp,Polypropylene Sheets,83,2020-01-11 23:00:00,2020-01-15 23:00:00
265,BoxMakers,Clay Bricks,74,2020-01-12 00:00:00,2020-01-16 00:00:00
266,FastenIt,Soy Protein,60,2020-01-12 01:00:00,2020-01-16 01:00:00
267,FastenIt,Transistors,79,2020-01-12 02:00:00,2020-01-16 02:00:00
268,BoxMakers,Clamps,97,2020-01-12 03:00:00,2020-01-16 03:00:00
269,FastenIt,Concrete Blocks,78,2020-01-12 04:00:00,2020-01-16 04:00:00
270,PolyPlast,Bearings,74,2020-01-12 05:00:00,2020-01-16 05:00:00
271,PolyPlast,Fiber Optic Cables,53,2020-01-12 06:00:00,2020-01-16 06:00:00
272,PolyPlast,Polypropylene Sheets,68,2020-01-12 07:00:00,2020-01-16 07:00:00
273,FastenIt,Gelatin Powder,71,2020-01-12 08:00:00,2020-01-16 08:00:00
274,BoxMakers,Screws,56,2020-01-12 09:00:00,2020-01-16 09:00:00
275,SteelCorp,Seals,70,2020-01-12 10:00:00,2020-01-16 10:00:00
276,SteelCorp,Brass Fittings,71,2020-01-12 11:00:00,2020-01-16 11:00:00
277,PolyPlast,Jute Bags,77,2020-01-12 12:00:00,2020-01-16 12:00:00
278,SteelCorp,Titanium Plates,76,2020-01-12 13:00:00,2020-01-16 13:00:00
279,FastenIt,Isopropyl Alcohol,75,2020-01-12 14:00:00,2020-01-16 14:00:00
280,BoxMakers,Gelatin Powder,50,2020-01-12 15:00:00,2020-01-16 15:00:00
281,FastenIt,Polypropylene Sheets,96,2020-01-12 16:00:00,2020-01-16 16:00:00
282,FastenIt,Palm Oil,53,2020-01-12 17:00:00,2020-01-16 17:00:00
283,BoxMakers,Polypropylene Sheets,87,2020-01-12 18:00:00,2020-01-16 18:00:00
284,SteelCorp,Acrylic Sheets,57,2020-01-12 19:00:00,2020-01-16 19:00:00
285,BoxMakers,Plywood Sheets,66,2020-01-12 20:00:00,2020-01-16 20:00:00
286,FastenIt,Sand,61,2020-01-12 21:00:00,2020-01-16 21:00:00
287,BoxMakers,LED Chips,61,2020-01-12 22:00:00,2020-01-16 22:00:00
288,BoxMakers,Aluminum Sheets,94,2020-01-12 23:00:00,2020-01-16 23:00:00
289,PolyPlast,Teflon Sheets,52,2020-01-13 00:00:00,2020-01-17 00:00:00
290,PolyPlast,Capacitors,55,2020-01-13 01:00:00,2020-01-17 01:00:00
291,FastenIt,Benzene,67,2020-01-13 02:00:00,2020-01-17 02:00:00
292,FastenIt,Gravel,64,2020-01-13 03:00:00,2020-01-17 03:00:00
293,SteelCorp,Springs,55,2020-01-13 04:00:00,2020-01-17 04:00:00
294,FastenIt,Clamps,64,2020-01-13 05:00:00,2020-01-17 05:00:00
295,SteelCorp,Palm Oil,67,2020-01-13 06:00:00,2020-01-17 06:00:00
296,SteelCorp,Nickel Powder,91,2020-01-13 07:00:00,2020-01-17 07:00:00
297,BoxMakers,Screws,96,2020-01-13 08:00:00,2020-01-17 08:00:00
298,BoxMakers,Polypropylene Sheets,94,2020-01-13 09:00:00,2020-01-17 09:00:00
299,FastenIt,Lithium Batteries,80,2020-01-13 10:00:00,2020-01-17 10:00:00
300,PolyPlast,Nuts,84,2020-01-13 11:00:00,2020-01-17 11:00:00
301,PolyPlast,Transistors,53,2020-01-13 12:00:00,2020-01-17 12:00:00
302,SteelCorp,Polystyrene Foam,50,2020-01-13 13:00:00,2020-01-17 13:00:00
303,FastenIt,Brass Fittings,79,2020-01-13 14:00:00,2020-01-17 14:00:00
304,SteelCorp,Clamps,94,2020-01-13 15:00:00,2020-01-17 15:00:00
305,BoxMakers,Springs,94,2020-01-13 16:00:00,2020-01-17 16:00:00
306,FastenIt,Benzene,94,2020-01-13 17:00:00,2020-01-17 17:00:00
307,FastenIt,Magnetic Coils,50,2020-01-13 18:00:00,2020-01-17 18:00:00
308,PolyPlast,Springs,67,2020-01-13 19:00:00,2020-01-17 19:00:00
309,FastenIt,Gelatin Powder,79,2020-01-13 20:00:00,2020-01-17 20:00:00
310,PolyPlast,Ceramic Tiles,77,2020-01-13 21:00:00,2020-01-17 21:00:00
311,FastenIt,Coffee Beans,84,2020-01-13 22:00:00,2020-01-17 22:00:00
312,BoxMakers,Polypropylene Sheets,86,2020-01-13 23:00:00,2020-01-17 23:00:00
313,SteelCorp,Ammonia,71,2020-01-14 00:00:00,2020-01-18 00:00:00
314,PolyPlast,Polypropylene Sheets,80,2020-01-14 01:00:00,2020-01-18 01:00:00
315,PolyPlast,Nylon Thread,87,2020-01-14 02:00:00,2020-01-18 02:00:00
316,FastenIt,Aluminum Sheets,67,2020-01-14 03:00:00,2020-01-18 03:00:00
317,FastenIt,Acrylic Sheets,88,2020-01-14 04:00:00,2020-01-18 04:00:00
318,FastenIt,Aluminum Sheets,65,2020-01-14 05:00:00,2020-01-18 05:00:00
319,PolyPlast,Acrylic Sheets,51,2020-01-14 06:00:00,2020-01-18 06:00:00
320,PolyPlast,Silk Cloth,65,2020-01-14 07:00:00,2020-01-18 07:00:00
321,PolyPlast,Silk Cloth,91,2020-01-14 08:00:00,2020-01-18 08:00:00
322,FastenIt,Shrink Film,72,2020-01-14 09:00:00,2020-01-18 09:00:00
323,FastenIt,Cardboard Boxes,95,2020-01-14 10:00:00,2020-01-18 10:00:00
324,BoxMakers,Sugar,67,2020-01-14 11:00:00,2020-01-18 11:00:00
325,BoxMakers,Soy Protein,94,2020-01-14 12:00:00,2020-01-18 12:00:00
326,BoxMakers,Washers,72,2020-01-14 13:00:00,2020-01-18 13:00:00
327,SteelCorp,Wool Rolls,63,2020-01-14 14:00:00,2020-01-18 14:00:00
328,FastenIt,Ethanol,97,2020-01-14 15:00:00,2020-01-18 15:00:00
329,FastenIt,Concrete Blocks,52,2020-01-14 16:00:00,2020-01-18 16:00:00
330,PolyPlast,Polyester Fabric,61,2020-01-14 17:00:00,2020-01-18 17:00:00
331,BoxMakers,Sodium Hydroxide,59,2020-01-14 18:00:00,2020-01-18 18:00:00
332,FastenIt,Gravel,90,2020-01-14 19:00:00,2020-01-18 19:00:00
333,PolyPlast,Polyester Fabric,97,2020-01-14 20:00:00,2020-01-18 20:00:00
334,FastenIt,Salt,54,2020-01-14 21:00:00,2020-01-18 21:00:00
335,FastenIt,Washers,60,2020-01-14 22:00:00,2020-01-18 22:00:00
336,PolyPlast,Polystyrene Foam,99,2020-01-14 23:00:00,2020-01-18 23:00:00
337,PolyPlast,Lithium Batteries,56,2020-01-15 00:00:00,2020-01-19 00:00:00
338,PolyPlast,PVC Pipes,94,2020-01-15 01:00:00,2020-01-19 01:00:00
339,SteelCorp,Wooden Pallets,58,2020-01-15 02:00:00,2020-01-19 02:00:00
340,BoxMakers,Polyethylene Pellets,58,2020-01-15 03:00:00,2020-01-19 03:00:00
341,BoxMakers,Bolts,58,2020-01-15 04:00:00,2020-01-19 04:00:00
342,SteelCorp,Wheat Flour,94,2020-01-15 05:00:00,2020-01-19 05:00:00
343,PolyPlast,Hydrochloric Acid,87,2020-01-15 06:00:00,2020-01-19 06:00:00
344,PolyPlast,Clay Bricks,68,2020-01-15 07:00:00,2020-01-19 07:00:00
345,SteelCorp,Bolts,52,2020-01-15 08:00:00,2020-01-19 08:00:00
346,FastenIt,Gravel,55,2020-01-15 09:00:00,2020-01-19 09:00:00
347,SteelCorp,Aluminum Sheets,79,2020-01-15 10:00:00,2020-01-19 10:00:00
348,SteelCorp,Silicon Wafers,87,2020-01-15 11:00:00,2020-01-19 11:00:00
349,FastenIt,Screws,86,2020-01-15 12:00:00,2020-01-19 12:00:00
350,BoxMakers,Screws,92,2020-01-15 13:00:00,2020-01-19 13:00:00
351,PolyPlast,Fiber Optic Cables,79,2020-01-15 14:00:00,2020-01-19 14:00:00
352,BoxMakers,Sodium Hydroxide,77,2020-01-15 15:00:00,2020-01-19 15:00:00
353,PolyPlast,Polystyrene Foam,67,2020-01-15 16:00:00,2020-01-19 16:00:00
354,BoxMakers,Polystyrene Foam,61,2020-01-15 17:00:00,2020-01-19 17:00:00
355,SteelCorp,Benzene,99,2020-01-15 18:00:00,2020-01-19 18:00:00
356,BoxMakers,Corn Starch,58,2020-01-15 19:00:00,2020-01-19 19:00:00
357,SteelCorp,Latex Compound,74,2020-01-15 20:00:00,2020-01-19 20:00:00
358,PolyPlast,Clamps,53,2020-01-15 21:00:00,2020-01-19 21:00:00
359,PolyPlast,Fiber Optic Cables,98,2020-01-15 22:00:00,2020-01-19 22:00:00
360,PolyPlast,Magnetic Coils,61,2020-01-15 23:00:00,2020-01-19 23:00:00
361,SteelCorp,Clamps,65,2020-01-16 00:00:00,2020-01-20 00:00:00
362,FastenIt,Coffee Beans,53,2020-01-16 01:00:00,2020-01-20 01:00:00
363,SteelCorp,ABS Resin,86,2020-01-16 02:00:00,2020-01-20 02:00:00
364,FastenIt,Teflon Sheets,89,2020-01-16 03:00:00,2020-01-20 03:00:00
365,SteelCorp,Gelatin Powder,71,2020-01-16 04:00:00,2020-01-20 04:00:00
366,SteelCorp,Gelatin Powder,79,2020-01-16 05:00:00,2020-01-20 05:00:00
367,SteelCorp,Sulfuric Acid,53,2020-01-16 06:00:00,2020-01-20 06:00:00
368,SteelCorp,Corn Starch,61,2020-01-16 07:00:00,2020-01-20 07:00:00
369,PolyPlast,Transistors,65,2020-01-16 08:00:00,2020-01-20 08:00:00
370,FastenIt,Shrink Film,95,2020-01-16 09:00:00,2020-01-20 09:00:00
371,FastenIt,Shrink Film,76,2020-01-16 10:00:00,2020-01-20 10:00:00
372,SteelCorp,Polystyrene Foam,65,2020-01-16 11:00:00,2020-01-20 11:00:00
373,FastenIt,Pins,83,2020-01-16 12:00:00,2020-01-20 12:00:00
374,BoxMakers,Cocoa Beans,61,2020-01-16 13:00:00,2020-01-20 13:00:00
375,BoxMakers,Soy Protein,55,2020-01-16 14:00:00,2020-01-20 14:00:00
376,PolyPlast,Isopropyl Alcohol,80,2020-01-16 15:00:00,2020-01-20 15:00:00
377,PolyPlast,Screws,54,2020-01-16 16:00:00,2020-01-20 16:00:00
378,PolyPlast,Iron Ingots,82,2020-01-16 17:00:00,2020-01-20 17:00:00
379,BoxMakers,Benzene,87,2020-01-16 18:00:00,2020-01-20 18:00:00
380,PolyPlast,Ceramic Tiles,93,2020-01-16 19:00:00,2020-01-20 19:00:00
381,PolyPlast,Plastic Caps,95,2020-01-16 20:00:00,2020-01-20 20:00:00
382,SteelCorp,Plastic Caps,79,2020-01-16 21:00:00,2020-01-20 21:00:00
383,PolyPlast,Pins,77,2020-01-16 22:00:00,2020-01-20 22:00:00
384,BoxMakers,Fiber Optic Cables,89,2020-01-16 23:00:00,2020-01-20 23:00:00
385,PolyPlast,Bolts,77,2020-01-17 00:00:00,2020-01-21 00:00:00
386,PolyPlast,Corrugated Sheets,79,2020-01-17 01:00:00,2020-01-21 01:00:00
387,SteelCorp,Glass Sheets,58,2020-01-17 02:00:00,2020-01-21 02:00:00
388,SteelCorp,Glass Bottles,61,2020-01-17 03:00:00,2020-01-21 03:00:00
389,PolyPlast,Polycarbonate Pellets,83,2020-01-17 04:00:00,2020-01-21 04:00:00
390,PolyPlast,Sulfuric Acid,64,2020-01-17 05:00:00,2020-01-21 05:00:00
391,BoxMakers,Velvet Cloth,88,2020-01-17 06:00:00,2020-01-21 06:00:00
392,FastenIt,Gravel,61,2020-01-17 07:00:00,2020-01-21 07:00:00
393,FastenIt,Zinc Coils,60,2020-01-17 08:00:00,2020-01-21 08:00:00
394,PolyPlast,Sodium Hydroxide,75,2020-01-17 09:00:00,2020-01-21 09:00:00
395,FastenIt,Salt,82,2020-01-17 10:00:00,2020-01-21 10:00:00
396,FastenIt,Milk Powder,90,2020-01-17 11:00:00,2020-01-21 11:00:00
397,FastenIt,Nylon Thread,56,2020-01-17 12:00:00,2020-01-21 12:00:00
398,BoxMakers,Cardboard Boxes,80,2020-01-17 13:00:00,2020-01-21 13:00:00
399,BoxMakers,Velvet Cloth,72,2020-01-17 14:00:00,2020-01-21 14:00:00
400,PolyPlast,Hydrochloric Acid,61,2020-01-17 15:00:00,2020-01-21 15:00:00
401,BoxMakers,Nylon Thread,85,2020-01-17 16:00:00,2020-01-21 16:00:00
402,FastenIt,Wool Rolls,70,2020-01-17 17:00:00,2020-01-21 17:00:00
403,BoxMakers,Kraft Paper Rolls,54,2020-01-17 18:00:00,2020-01-21 18:00:00
404,SteelCorp,Shrink Film,54,2020-01-17 19:00:00,2020-01-21 19:00:00
405,FastenIt,Corrugated Sheets,99,2020-01-17 20:00:00,2020-01-21 20:00:00
406,FastenIt,Latex Compound,79,2020-01-17 21:00:00,2020-01-21 21:00:00
407,PolyPlast,Aluminum Cans,77,2020-01-17 22:00:00,2020-01-21 22:00:00
408,PolyPlast,Polyethylene Pellets,97,2020-01-17 23:00:00,2020-01-21 23:00:00
409,PolyPlast,Concrete Blocks,69,2020-01-18 00:00:00,2020-01-22 00:00:00
410,BoxMakers,Polycarbonate Pellets,90,2020-01-18 01:00:00,2020-01-22 01:00:00
411,PolyPlast,Brass Fittings,76,2020-01-18 02:00:00,2020-01-22 02:00:00
412,PolyPlast,Pins,76,2020-01-18 03:00:00,2020-01-22 03:00:00
413,PolyPlast,Isopropyl Alcohol,59,2020-01-18 04:00:00,2020-01-22 04:00:00
414,BoxMakers,Cotton Yarn,81,2020-01-18 05:00:00,2020-01-22 05:00:00
415,SteelCorp,Cocoa Beans,80,2020-01-18 06:00:00,2020-01-22 06:00:00
416,FastenIt,Glass Sheets,67,2020-01-18 07:00:00,2020-01-22 07:00:00
417,PolyPlast,Plywood Sheets,57,2020-01-18 08:00:00,2020-01-22 08:00:00
418,SteelCorp,Titanium Plates,85,2020-01-18 09:00:00,2020-01-22 09:00:00
419,FastenIt,Lithium Batteries,59,2020-01-18 10:00:00,2020-01-22 10:00:00
420,PolyPlast,Palm Oil,78,2020-01-18 11:00:00,2020-01-22 11:00:00
421,PolyPlast,Pins,97,2020-01-18 12:00:00,2020-01-22 12:00:00
422,BoxMakers,Gravel,98,2020-01-18 13:00:00,2020-01-22 13:00:00
423,SteelCorp,Polycarbonate Pellets,57,2020-01-18 14:00:00,2020-01-22 14:00:00
424,BoxMakers,Cardboard Boxes,53,2020-01-18 15:00:00,2020-01-22 15:00:00
425,FastenIt,Hydrochloric Acid,57,2020-01-18 16:00:00,2020-01-22 16:00:00
426,SteelCorp,Silicone Oil,58,2020-01-18 17:00:00,2020-01-22 17:00:00
427,BoxMakers,Polystyrene Foam,87,2020-01-18 18:00:00,2020-01-22 18:00:00
428,SteelCorp,Polycarbonate Pellets,55,2020-01-18 19:00:00,2020-01-22 19:00:00
429,BoxMakers,Polyethylene Pellets,83,2020-01-18 20:00:00,2020-01-22 20:00:00
430,SteelCorp,Polycarbonate Pellets,78,2020-01-18 21:00:00,2020-01-22 21:00:00
431,SteelCorp,Brass Fittings,96,2020-01-18 22:00:00,2020-01-22 22:00:00
432,FastenIt,Palm Oil,88,2020-01-18 23:00:00,2020-01-22 23:00:00
433,FastenIt,Isopropyl Alcohol,99,2020-01-19 00:00:00,2020-01-23 00:00:00
434,FastenIt,Clay Bricks,58,2020-01-19 01:00:00,2020-01-23 01:00:00
435,SteelCorp,Corn Starch,51,2020-01-19 02:00:00,2020-01-23 02:00:00
436,SteelCorp,Bolts,52,2020-01-19 03:00:00,2020-01-23 03:00:00
437,FastenIt,Iron Ingots,66,2020-01-19 04:00:00,2020-01-23 04:00:00
438,PolyPlast,Timber Logs,52,2020-01-19 05:00:00,2020-01-23 05:00:00
439,FastenIt,Zinc Coils,61,2020-01-19 06:00:00,2020-01-23 06:00:00
440,BoxMakers,Wool Rolls,81,2020-01-19 07:00:00,2020-01-23 07:00:00
441,FastenIt,Nuts,60,2020-01-19 08:00:00,2020-01-23 08:00:00
442,SteelCorp,Jute Bags,70,2020-01-19 09:00:00,2020-01-23 09:00:00
443,FastenIt,Latex Compound,86,2020-01-19 10:00:00,2020-01-23 10:00:00
444,SteelCorp,Lithium Batteries,64,2020-01-19 11:00:00,2020-01-23 11:00:00
445,FastenIt,Gelatin Powder,57,2020-01-19 12:00:00,2020-01-23 12:00:00
446,FastenIt,LED Chips,79,2020-01-19 13:00:00,2020-01-23 13:00:00
447,PolyPlast,Bearings,55,2020-01-19 14:00:00,2020-01-23 14:00:00
448,BoxMakers,Nickel Powder,64,2020-01-19 15:00:00,2020-01-23 15:00:00
449,PolyPlast,Copper PCBs,96,2020-01-19 16:00:00,2020-01-23 16:00:00
450,SteelCorp,Isopropyl Alcohol,65,2020-01-19 17:00:00,2020-01-23 17:00:00
451,SteelCorp,Benzene,82,2020-01-19 18:00:00,2020-01-23 18:00:00
452,FastenIt,Nylon Thread,73,2020-01-19 19:00:00,2020-01-23 19:00:00
453,SteelCorp,Magnetic Coils,77,2020-01-19 20:00:00,2020-01-23 20:00:00
454,FastenIt,Nuts,56,2020-01-19 21:00:00,2020-01-23 21:00:00
455,SteelCorp,Acrylic Sheets,59,2020-01-19 22:00:00,2020-01-23 22:00:00
456,SteelCorp,Sugar,51,2020-01-19 23:00:00,2020-01-23 23:00:00
457,PolyPlast,LED Chips,61,2020-01-20 00:00:00,2020-01-24 00:00:00
458,SteelCorp,Titanium Plates,73,2020-01-20 01:00:00,2020-01-24 01:00:00
459,BoxMakers,PVC Pipes,56,2020-01-20 02:00:00,2020-01-24 02:00:00
460,BoxMakers,Wool Rolls,90,2020-01-20 03:00:00,2020-01-24 03:00:00
461,BoxMakers,Rivets,86,2020-01-20 04:00:00,2020-01-24 04:00:00
462,SteelCorp,Cocoa Beans,62,2020-01-20 05:00:00,2020-01-24 05:00:00
463,SteelCorp,Cardboard Boxes,85,2020-01-20 06:00:00,2020-01-24 06:00:00
464,BoxMakers,Steel Rods,55,2020-01-20 07:00:00,2020-01-24 07:00:00
465,SteelCorp,Rivets,62,2020-01-20 08:00:00,2020-01-24 08:00:00
466,BoxMakers,Soy Protein,68,2020-01-20 09:00:00,2020-01-24 09:00:00
467,FastenIt,Jute Bags,50,2020-01-20 10:00:00,2020-01-24 10:00:00
468,BoxMakers,Glass Bottles,51,2020-01-20 11:00:00,2020-01-24 11:00:00
469,FastenIt,Timber Logs,70,2020-01-20 12:00:00,2020-01-24 12:00:00
470,FastenIt,Silicon Wafers,63,2020-01-20 13:00:00,2020-01-24 13:00:00
471,SteelCorp,Concrete Blocks,76,2020-01-20 14:00:00,2020-01-24 14:00:00
472,PolyPlast,Coffee Beans,98,2020-01-20 15:00:00,2020-01-24 15:00:00
473,PolyPlast,Fiber Optic Cables,93,2020-01-20 16:00:00,2020-01-24 16:00:00
474,PolyPlast,Iron Ingots,71,2020-01-20 17:00:00,2020-01-24 17:00:00
475,SteelCorp,Denim Fabric,64,2020-01-20 18:00:00,2020-01-24 18:00:00
476,SteelCorp,Bolts,63,2020-01-20 19:00:00,2020-01-24 19:00:00
477,FastenIt,Screws,90,2020-01-20 20:00:00,2020-01-24 20:00:00
478,FastenIt,Jute Bags,53,2020-01-20 21:00:00,2020-01-24 21:00:00
479,PolyPlast,Canvas Sheets,91,2020-01-20 22:00:00,2020-01-24 22:00:00
480,FastenIt,Aluminum Cans,67,2020-01-20 23:00:00,2020-01-24 23:00:00
481,SteelCorp,Steel Rods,55,2020-01-21 00:00:00,2020-01-25 00:00:00
482,FastenIt,Plastic Caps,76,2020-01-21 01:00:00,2020-01-25 01:00:00
483,SteelCorp,Fiber Optic Cables,77,2020-01-21 02:00:00,2020-01-25 02:00:00
484,PolyPlast,Lead Blocks,93,2020-01-21 03:00:00,2020-01-25 03:00:00
485,BoxMakers,Silicon Wafers,95,2020-01-21 04:00:00,2020-01-25 04:00:00
486,BoxMakers,Aluminum Cans,91,2020-01-21 05:00:00,2020-01-25 05:00:00
487,SteelCorp,PVC Pipes,63,2020-01-21 06:00:00,2020-01-25 06:00:00
488,BoxMakers,Wheat Flour,95,2020-01-21 07:00:00,2020-01-25 07:00:00
489,PolyPlast,Denim Fabric,98,2020-01-21 08:00:00,2020-01-25 08:00:00
490,FastenIt,Denim Fabric,67,2020-01-21 09:00:00,2020-01-25 09:00:00
491,FastenIt,Cotton Yarn,72,2020-01-21 10:00:00,2020-01-25 10:00:00
492,FastenIt,Epoxy Resin,81,2020-01-21 11:00:00,2020-01-25 11:00:00
493,PolyPlast,Velvet Cloth,75,2020-01-21 12:00:00,2020-01-25 12:00:00
494,BoxMakers,Shrink Film,78,2020-01-21 13:00:00,2020-01-25 13:00:00
495,PolyPlast,Canvas Sheets,63,2020-01-21 14:00:00,2020-01-25 14:00:00
496,BoxMakers,Nylon Granules,57,2020-01-21 15:00:00,2020-01-25 15:00:00
497,FastenIt,Isopropyl Alcohol,76,2020-01-21 16:00:00,2020-01-25 16:00:00
498,BoxMakers,Lithium Batteries,67,2020-01-21 17:00:00,2020-01-25 17:00:00
499,PolyPlast,Plywood Sheets,54,2020-01-21 18:00:00,2020-01-25 18:00:00
500,BoxMakers,Nuts,93,2020-01-21 19:00:00,2020-01-25 19:00:00
501,FastenIt,Clay Bricks,97,2020-01-21 20:00:00,2020-01-25 20:00:00
502,FastenIt,Isopropyl Alcohol,80,2020-01-21 21:00:00,2020-01-25 21:00:00
503,SteelCorp,Latex Compound,78,2020-01-21 22:00:00,2020-01-25 22:00:00
504,SteelCorp,Brass Fittings,58,2020-01-21 23:00:00,2020-01-25 23:00:00
505,BoxMakers,Silk Cloth,77,2020-01-22 00:00:00,2020-01-26 00:00:00
506,PolyPlast,Lithium Batteries,56,2020-01-22 01:00:00,2020-01-26 01:00:00
507,FastenIt,Latex Compound,57,2020-01-22 02:00:00,2020-01-26 02:00:00
508,PolyPlast,Copper PCBs,76,2020-01-22 03:00:00,2020-01-26 03:00:00
509,BoxMakers,Hydrochloric Acid,61,2020-01-22 04:00:00,2020-01-26 04:00:00
510,BoxMakers,Leather Hides,87,2020-01-22 05:00:00,2020-01-26 05:00:00
511,PolyPlast,Milk Powder,79,2020-01-22 06:00:00,2020-01-26 06:00:00
512,SteelCorp,Isopropyl Alcohol,99,2020-01-22 07:00:00,2020-01-26 07:00:00
513,BoxMakers,Isopropyl Alcohol,70,2020-01-22 08:00:00,2020-01-26 08:00:00
514,FastenIt,Timber Logs,79,2020-01-22 09:00:00,2020-01-26 09:00:00
515,SteelCorp,Magnetic Coils,78,2020-01-22 10:00:00,2020-01-26 10:00:00
516,BoxMakers,Acetone,73,2020-01-22 11:00:00,2020-01-26 11:00:00
517,SteelCorp,Acrylic Sheets,59,2020-01-22 12:00:00,2020-01-26 12:00:00
518,FastenIt,Gravel,50,2020-01-22 13:00:00,2020-01-26 13:00:00
519,BoxMakers,ABS Resin,88,2020-01-22 14:00:00,2020-01-26 14:00:00
520,PolyPlast,Aluminum Sheets,69,2020-01-22 15:00:00,2020-01-26 15:00:00
521,BoxMakers,Copper Wire,57,2020-01-22 16:00:00,2020-01-26 16:00:00
522,PolyPlast,Glass Sheets,88,2020-01-22 17:00:00,2020-01-26 17:00:00
523,SteelCorp,Epoxy Resin,53,2020-01-22 18:00:00,2020-01-26 18:00:00
524,PolyPlast,Coffee Beans,80,2020-01-22 19:00:00,2020-01-26 19:00:00
525,PolyPlast,Cotton Yarn,87,2020-01-22 20:00:00,2020-01-26 20:00:00
526,BoxMakers,Leather Hides,91,2020-01-22 21:00:00,2020-01-26 21:00:00
527,BoxMakers,Springs,55,2020-01-22 22:00:00,2020-01-26 22:00:00
528,FastenIt,Soy Protein,66,2020-01-22 23:00:00,2020-01-26 23:00:00
529,SteelCorp,Plastic Caps,76,2020-01-23 00:00:00,2020-01-27 00:00:00
530,PolyPlast,Silicone Oil,81,2020-01-23 01:00:00,2020-01-27 01:00:00
531,SteelCorp,PVC Pipes,56,2020-01-23 02:00:00,2020-01-27 02:00:00
532,FastenIt,Gravel,75,2020-01-23 03:00:00,2020-01-27 03:00:00
533,SteelCorp,Aluminum Sheets,61,2020-01-23 04:00:00,2020-01-27 04:00:00
534,SteelCorp,Denim Fabric,67,2020-01-23 05:00:00,2020-01-27 05:00:00
535,BoxMakers,Polyethylene Pellets,81,2020-01-23 06:00:00,2020-01-27 06:00:00
536,SteelCorp,Wool Rolls,81,2020-01-23 07:00:00,2020-01-27 07:00:00
537,FastenIt,Benzene,70,2020-01-23 08:00:00,2020-01-27 08:00:00
538,PolyPlast,Magnetic Coils,76,2020-01-23 09:00:00,2020-01-27 09:00:00
539,SteelCorp,Glass Sheets,89,2020-01-23 10:00:00,2020-01-27 10:00:00
540,FastenIt,Ceramic Tiles,60,2020-01-23 11:00:00,2020-01-27 11:00:00
541,BoxMakers,Soy Protein,88,2020-01-23 12:00:00,2020-01-27 12:00:00
542,PolyPlast,Washers,54,2020-01-23 13:00:00,2020-01-27 13:00:00
543,FastenIt,Glass Bottles,89,2020-01-23 14:00:00,2020-01-27 14:00:00
544,SteelCorp,Nuts,65,2020-01-23 15:00:00,2020-01-27 15:00:00
545,PolyPlast,Denim Fabric,63,2020-01-23 16:00:00,2020-01-27 16:00:00
546,BoxMakers,Corn Starch,85,2020-01-23 17:00:00,2020-01-27 17:00:00
547,SteelCorp,Capacitors,88,2020-01-23 18:00:00,2020-01-27 18:00:00
548,SteelCorp,Wheat Flour,61,2020-01-23 19:00:00,2020-01-27 19:00:00
549,SteelCorp,Lead Blocks,89,2020-01-23 20:00:00,2020-01-27 20:00:00
550,BoxMakers,Polystyrene Foam,61,2020-01-23 21:00:00,2020-01-27 21:00:00
551,PolyPlast,Teflon Sheets,98,2020-01-23 22:00:00,2020-01-27 22:00:00
552,FastenIt,Isopropyl Alcohol,86,2020-01-23 23:00:00,2020-01-27 23:00:00
553,SteelCorp,Capacitors,68,2020-01-24 00:00:00,2020-01-28 00:00:00
554,SteelCorp,Plywood Sheets,61,2020-01-24 01:00:00,2020-01-28 01:00:00
555,SteelCorp,Kraft Paper Rolls,84,2020-01-24 02:00:00,2020-01-28 02:00:00
556,SteelCorp,Screws,66,2020-01-24 03:00:00,2020-01-28 03:00:00
557,PolyPlast,Copper Wire,78,2020-01-24 04:00:00,2020-01-28 04:00:00
558,FastenIt,Isopropyl Alcohol,59,2020-01-24 05:00:00,2020-01-28 05:00:00
559,BoxMakers,Polycarbonate Pellets,87,2020-01-24 06:00:00,2020-01-28 06:00:00
560,BoxMakers,Canvas Sheets,58,2020-01-24 07:00:00,2020-01-28 07:00:00
561,PolyPlast,Epoxy Resin,67,2020-01-24 08:00:00,2020-01-28 08:00:00
562,SteelCorp,Acrylic Sheets,98,2020-01-24 09:00:00,2020-01-28 09:00:00
563,PolyPlast,Ethanol,94,2020-01-24 10:00:00,2020-01-28 10:00:00
564,PolyPlast,PVC Pipes,78,2020-01-24 11:00:00,2020-01-28 11:00:00
565,PolyPlast,Copper PCBs,75,2020-01-24 12:00:00,2020-01-28 12:00:00
566,FastenIt,Glass Sheets,80,2020-01-24 13:00:00,2020-01-28 13:00:00
567,FastenIt,Sulfuric Acid,87,2020-01-24 14:00:00,2020-01-28 14:00:00
568,PolyPlast,Brass Fittings,80,2020-01-24 15:00:00,2020-01-28 15:00:00
569,PolyPlast,Nuts,68,2020-01-24 16:00:00,2020-01-28 16:00:00
570,FastenIt,Shrink Film,62,2020-01-24 17:00:00,2020-01-28 17:00:00
571,PolyPlast,Velvet Cloth,51,2020-01-24 18:00:00,2020-01-28 18:00:00
572,FastenIt,Kraft Paper Rolls,77,2020-01-24 19:00:00,2020-01-28 19:00:00
573,FastenIt,Milk Powder,60,2020-01-24 20:00:00,2020-01-28 20:00:00
574,BoxMakers,Jute Bags,53,2020-01-24 21:00:00,2020-01-28 21:00:00
575,BoxMakers,Cardboard Boxes,66,2020-01-24 22:00:00,2020-01-28 22:00:00
576,FastenIt,Latex Compound,77,2020-01-24 23:00:00,2020-01-28 23:00:00
577,PolyPlast,Iron Ingots,56,2020-01-25 00:00:00,2020-01-29 00:00:00
578,PolyPlast,Lithium Batteries,50,2020-01-25 01:00:00,2020-01-29 01:00:00
579,PolyPlast,Sodium Hydroxide,57,2020-01-25 02:00:00,2020-01-29 02:00:00
580,BoxMakers,Jute Bags,75,2020-01-25 03:00:00,2020-01-29 03:00:00
581,SteelCorp,Canvas Sheets,53,2020-01-25 04:00:00,2020-01-29 04:00:00
582,FastenIt,Cotton Yarn,86,2020-01-25 05:00:00,2020-01-29 05:00:00
583,SteelCorp,Titanium Plates,94,2020-01-25 06:00:00,2020-01-29 06:00:00
584,SteelCorp,Clamps,71,2020-01-25 07:00:00,2020-01-29 07:00:00
585,PolyPlast,Clamps,99,2020-01-25 08:00:00,2020-01-29 08:00:00
586,SteelCorp,Polystyrene Foam,58,2020-01-25 09:00:00,2020-01-29 09:00:00
587,PolyPlast,Polyethylene Pellets,97,2020-01-25 10:00:00,2020-01-29 10:00:00
588,SteelCorp,Epoxy Resin,88,2020-01-25 11:00:00,2020-01-29 11:00:00
589,FastenIt,Soy Protein,92,2020-01-25 12:00:00,2020-01-29 12:00:00
590,BoxMakers,Copper PCBs,83,2020-01-25 13:00:00,2020-01-29 13:00:00
591,BoxMakers,Teflon Sheets,86,2020-01-25 14:00:00,2020-01-29 14:00:00
592,PolyPlast,Corn Starch,54,2020-01-25 15:00:00,2020-01-29 15:00:00
593,SteelCorp,Plywood Sheets,77,2020-01-25 16:00:00,2020-01-29 16:00:00
594,SteelCorp,Acetone,63,2020-01-25 17:00:00,2020-01-29 17:00:00
595,SteelCorp,Wool Rolls,63,2020-01-25 18:00:00,2020-01-29 18:00:00
596,SteelCorp,Leather Hides,91,2020-01-25 19:00:00,2020-01-29 19:00:00
597,SteelCorp,Acrylic Sheets,58,2020-01-25 20:00:00,2020-01-29 20:00:00
598,FastenIt,Resistors,56,2020-01-25 21:00:00,2020-01-29 21:00:00
599,BoxMakers,Bolts,80,2020-01-25 22:00:00,2020-01-29 22:00:00
600,PolyPlast,Plastic Crates,62,2020-01-25 23:00:00,2020-01-29 23:00:00
601,SteelCorp,Rivets,84,2020-01-26 00:00:00,2020-01-30 00:00:00
602,BoxMakers,Ethanol,53,2020-01-26 01:00:00,2020-01-30 01:00:00
603,FastenIt,Polystyrene Foam,90,2020-01-26 02:00:00,2020-01-30 02:00:00
604,FastenIt,Shrink Film,66,2020-01-26 03:00:00,2020-01-30 03:00:00
605,FastenIt,Washers,55,2020-01-26 04:00:00,2020-01-30 04:00:00
606,FastenIt,Transistors,90,2020-01-26 05:00:00,2020-01-30 05:00:00
607,SteelCorp,Latex Compound,79,2020-01-26 06:00:00,2020-01-30 06:00:00
608,BoxMakers,Wooden Pallets,72,2020-01-26 07:00:00,2020-01-30 07:00:00
609,PolyPlast,Nuts,87,2020-01-26 08:00:00,2020-01-30 08:00:00
610,SteelCorp,Pins,73,2020-01-26 09:00:00,2020-01-30 09:00:00
611,FastenIt,Latex Compound,86,2020-01-26 10:00:00,2020-01-30 10:00:00
612,FastenIt,Soy Protein,93,2020-01-26 11:00:00,2020-01-30 11:00:00
613,FastenIt,Aluminum Cans,84,2020-01-26 12:00:00,2020-01-30 12:00:00
614,FastenIt,Pins,56,2020-01-26 13:00:00,2020-01-30 13:00:00
615,SteelCorp,Stainless Steel Pipes,56,2020-01-26 14:00:00,2020-01-30 14:00:00
616,BoxMakers,Benzene,74,2020-01-26 15:00:00,2020-01-30 15:00:00
617,PolyPlast,Ceramic Tiles,62,2020-01-26 16:00:00,2020-01-30 16:00:00
618,BoxMakers,Concrete Blocks,67,2020-01-26 17:00:00,2020-01-30 17:00:00
619,BoxMakers,Springs,81,2020-01-26 18:00:00,2020-01-30 18:00:00
620,PolyPlast,Sugar,98,2020-01-26 19:00:00,2020-01-30 19:00:00
621,FastenIt,Silk Cloth,87,2020-01-26 20:00:00,2020-01-30 20:00:00
622,FastenIt,Aluminum Cans,50,2020-01-26 21:00:00,2020-01-30 21:00:00
623,SteelCorp,Seals,60,2020-01-26 22:00:00,2020-01-30 22:00:00
624,SteelCorp,Gypsum Boards,99,2020-01-26 23:00:00,2020-01-30 23:00:00
625,BoxMakers,Ceramic Tiles,94,2020-01-27 00:00:00,2020-01-31 00:00:00
626,PolyPlast,Corn Starch,54,2020-01-27 01:00:00,2020-01-31 01:00:00
627,PolyPlast,Aluminum Sheets,81,2020-01-27 02:00:00,2020-01-31 02:00:00
628,SteelCorp,Aluminum Sheets,60,2020-01-27 03:00:00,2020-01-31 03:00:00
629,FastenIt,Corn Starch,79,2020-01-27 04:00:00,2020-01-31 04:00:00
630,SteelCorp,Ammonia,83,2020-01-27 05:00:00,2020-01-31 05:00:00
631,BoxMakers,Soy Protein,91,2020-01-27 06:00:00,2020-01-31 06:00:00
632,SteelCorp,Silicon Wafers,98,2020-01-27 07:00:00,2020-01-31 07:00:00
633,FastenIt,Latex Compound,63,2020-01-27 08:00:00,2020-01-31 08:00:00
634,PolyPlast,Bubble Wrap,69,2020-01-27 09:00:00,2020-01-31 09:00:00
635,BoxMakers,Epoxy Resin,91,2020-01-27 10:00:00,2020-01-31 10:00:00
636,FastenIt,Wooden Pallets,62,2020-01-27 11:00:00,2020-01-31 11:00:00
637,BoxMakers,Bolts,94,2020-01-27 12:00:00,2020-01-31 12:00:00
638,PolyPlast,Bubble Wrap,93,2020-01-27 13:00:00,2020-01-31 13:00:00
639,SteelCorp,Clay Bricks,66,2020-01-27 14:00:00,2020-01-31 14:00:00
640,SteelCorp,Nickel Powder,87,2020-01-27 15:00:00,2020-01-31 15:00:00
641,PolyPlast,Washers,64,2020-01-27 16:00:00,2020-01-31 16:00:00
642,SteelCorp,Plastic Crates,86,2020-01-27 17:00:00,2020-01-31 17:00:00
643,SteelCorp,Gravel,54,2020-01-27 18:00:00,2020-01-31 18:00:00
644,BoxMakers,Sulfuric Acid,97,2020-01-27 19:00:00,2020-01-31 19:00:00
645,SteelCorp,Stainless Steel Pipes,50,2020-01-27 20:00:00,2020-01-31 20:00:00
646,SteelCorp,Springs,99,2020-01-27 21:00:00,2020-01-31 21:00:00
647,PolyPlast,Acetone,87,2020-01-27 22:00:00,2020-01-31 22:00:00
648,FastenIt,Copper Wire,61,2020-01-27 23:00:00,2020-01-31 23:00:00
649,PolyPlast,Corn Starch,94,2020-01-28 00:00:00,2020-02-01 00:00:00
650,PolyPlast,Cocoa Beans,55,2020-01-28 01:00:00,2020-02-01 01:00:00
651,PolyPlast,Benzene,90,2020-01-28 02:00:00,2020-02-01 02:00:00
652,PolyPlast,Ceramic Tiles,96,2020-01-28 03:00:00,2020-02-01 03:00:00
653,FastenIt,Bolts,66,2020-01-28 04:00:00,2020-02-01 04:00:00
654,PolyPlast,Screws,66,2020-01-28 05:00:00,2020-02-01 05:00:00
655,BoxMakers,Nylon Granules,60,2020-01-28 06:00:00,2020-02-01 06:00:00
656,SteelCorp,Hydrochloric Acid,55,2020-01-28 07:00:00,2020-02-01 07:00:00
657,BoxMakers,Gypsum Boards,73,2020-01-28 08:00:00,2020-02-01 08:00:00
658,SteelCorp,Silk Cloth,97,2020-01-28 09:00:00,2020-02-01 09:00:00
659,FastenIt,Copper Wire,53,2020-01-28 10:00:00,2020-02-01 10:00:00
660,FastenIt,Latex Compound,88,2020-01-28 11:00:00,2020-02-01 11:00:00
661,PolyPlast,Epoxy Resin,98,2020-01-28 12:00:00,2020-02-01 12:00:00
662,FastenIt,Polystyrene Foam,68,2020-01-28 13:00:00,2020-02-01 13:00:00
663,SteelCorp,Corn Starch,80,2020-01-28 14:00:00,2020-02-01 14:00:00
664,FastenIt,Isopropyl Alcohol,66,2020-01-28 15:00:00,2020-02-01 15:00:00
665,BoxMakers,Canvas Sheets,81,2020-01-28 16:00:00,2020-02-01 16:00:00
666,SteelCorp,Aluminum Cans,92,2020-01-28 17:00:00,2020-02-01 17:00:00
667,FastenIt,Plastic Caps,97,2020-01-28 18:00:00,2020-02-01 18:00:00
668,FastenIt,Bolts,71,2020-01-28 19:00:00,2020-02-01 19:00:00
669,FastenIt,Copper PCBs,83,2020-01-28 20:00:00,2020-02-01 20:00:00
670,SteelCorp,Sand,60,2020-01-28 21:00:00,2020-02-01 21:00:00
671,PolyPlast,Clamps,94,2020-01-28 22:00:00,2020-02-01 22:00:00
672,FastenIt,Magnetic Coils,81,2020-01-28 23:00:00,2020-02-01 23:00:00
673,FastenIt,Stainless Steel Pipes,69,2020-01-29 00:00:00,2020-02-02 00:00:00
674,BoxMakers,Lithium Batteries,52,2020-01-29 01:00:00,2020-02-02 01:00:00
675,PolyPlast,Timber Logs,69,2020-01-29 02:00:00,2020-02-02 02:00:00
676,FastenIt,Washers,81,2020-01-29 03:00:00,2020-02-02 03:00:00
677,FastenIt,Polycarbonate Pellets,69,2020-01-29 04:00:00,2020-02-02 04:00:00
678,PolyPlast,Wooden Pallets,89,2020-01-29 05:00:00,2020-02-02 05:00:00
679,PolyPlast,Cement Bags,89,2020-01-29 06:00:00,2020-02-02 06:00:00
680,SteelCorp,Sodium Hydroxide,83,2020-01-29 07:00:00,2020-02-02 07:00:00
681,SteelCorp,Lead Blocks,94,2020-01-29 08:00:00,2020-02-02 08:00:00
682,FastenIt,Stainless Steel Pipes,94,2020-01-29 09:00:00,2020-02-02 09:00:00
683,BoxMakers,Coffee Beans,80,2020-01-29 10:00:00,2020-02-02 10:00:00
684,SteelCorp,Timber Logs,89,2020-01-29 11:00:00,2020-02-02 11:00:00
685,SteelCorp,Kraft Paper Rolls,62,2020-01-29 12:00:00,2020-02-02 12:00:00
686,FastenIt,Acrylic Sheets,66,2020-01-29 13:00:00,2020-02-02 13:00:00
687,BoxMakers,LED Chips,66,2020-01-29 14:00:00,2020-02-02 14:00:00
688,PolyPlast,Polycarbonate Pellets,56,2020-01-29 15:00:00,2020-02-02 15:00:00
689,BoxMakers,Concrete Blocks,54,2020-01-29 16:00:00,2020-02-02 16:00:00
690,FastenIt,Plywood Sheets,95,2020-01-29 17:00:00,2020-02-02 17:00:00
691,BoxMakers,Ammonia,70,2020-01-29 18:00:00,2020-02-02 18:00:00
692,FastenIt,Nylon Granules,80,2020-01-29 19:00:00,2020-02-02 19:00:00
693,FastenIt,Timber Logs,62,2020-01-29 20:00:00,2020-02-02 20:00:00
694,SteelCorp,Capacitors,83,2020-01-29 21:00:00,2020-02-02 21:00:00
695,FastenIt,Nuts,76,2020-01-29 22:00:00,2020-02-02 22:00:00
696,BoxMakers,Isopropyl Alcohol,68,2020-01-29 23:00:00,2020-02-02 23:00:00
697,BoxMakers,Wheat Flour,56,2020-01-30 00:00:00,2020-02-03 00:00:00
698,SteelCorp,Benzene,52,2020-01-30 01:00:00,2020-02-03 01:00:00
699,FastenIt,Milk Powder,76,2020-01-30 02:00:00,2020-02-03 02:00:00
700,BoxMakers,Stainless Steel Pipes,96,2020-01-30 03:00:00,2020-02-03 03:00:00
701,PolyPlast,Rivets,75,2020-01-30 04:00:00,2020-02-03 04:00:00
702,SteelCorp,Transistors,63,2020-01-30 05:00:00,2020-02-03 05:00:00
703,FastenIt,Silicon Wafers,77,2020-01-30 06:00:00,2020-02-03 06:00:00
704,PolyPlast,Bearings,87,2020-01-30 07:00:00,2020-02-03 07:00:00
705,BoxMakers,Capacitors,95,2020-01-30 08:00:00,2020-02-03 08:00:00
706,PolyPlast,Polyethylene Pellets,71,2020-01-30 09:00:00,2020-02-03 09:00:00
707,PolyPlast,Bubble Wrap,93,2020-01-30 10:00:00,2020-02-03 10:00:00
708,SteelCorp,LED Chips,55,2020-01-30 11:00:00,2020-02-03 11:00:00
709,PolyPlast,Cotton Yarn,99,2020-01-30 12:00:00,2020-02-03 12:00:00
710,PolyPlast,LED Chips,75,2020-01-30 13:00:00,2020-02-03 13:00:00
711,FastenIt,Nylon Granules,62,2020-01-30 14:00:00,2020-02-03 14:00:00
712,PolyPlast,Aluminum Cans,56,2020-01-30 15:00:00,2020-02-03 15:00:00
713,FastenIt,Copper PCBs,97,2020-01-30 16:00:00,2020-02-03 16:00:00
714,BoxMakers,Ceramic Tiles,59,2020-01-30 17:00:00,2020-02-03 17:00:00
715,SteelCorp,Titanium Plates,60,2020-01-30 18:00:00,2020-02-03 18:00:00
716,PolyPlast,Gypsum Boards,58,2020-01-30 19:00:00,2020-02-03 19:00:00
717,PolyPlast,Polystyrene Foam,76,2020-01-30 20:00:00,2020-02-03 20:00:00
718,FastenIt,Resistors,66,2020-01-30 21:00:00,2020-02-03 21:00:00
719,FastenIt,Wool Rolls,81,2020-01-30 22:00:00,2020-02-03 22:00:00
720,SteelCorp,Pins,80,2020-01-30 23:00:00,2020-02-03 23:00:00
721,PolyPlast,Gelatin Powder,87,2020-01-31 00:00:00,2020-02-04 00:00:00
722,BoxMakers,Nylon Thread,88,2020-01-31 01:00:00,2020-02-04 01:00:00
723,SteelCorp,Isopropyl Alcohol,98,2020-01-31 02:00:00,2020-02-04 02:00:00
724,PolyPlast,Lithium Batteries,56,2020-01-31 03:00:00,2020-02-04 03:00:00
725,BoxMakers,Seals,98,2020-01-31 04:00:00,2020-02-04 04:00:00
726,PolyPlast,Capacitors,56,2020-01-31 05:00:00,2020-02-04 05:00:00
727,BoxMakers,Iron Ingots,51,2020-01-31 06:00:00,2020-02-04 06:00:00
728,PolyPlast,Gravel,97,2020-01-31 07:00:00,2020-02-04 07:00:00
729,FastenIt,Silicone Oil,51,2020-01-31 08:00:00,2020-02-04 08:00:00
730,BoxMakers,Rivets,71,2020-01-31 09:00:00,2020-02-04 09:00:00
731,FastenIt,Stainless Steel Pipes,96,2020-01-31 10:00:00,2020-02-04 10:00:00
732,PolyPlast,Clamps,50,2020-01-31 11:00:00,2020-02-04 11:00:00
733,BoxMakers,Polycarbonate Pellets,72,2020-01-31 12:00:00,2020-02-04 12:00:00
734,FastenIt,Concrete Blocks,86,2020-01-31 13:00:00,2020-02-04 13:00:00
735,BoxMakers,Copper PCBs,76,2020-01-31 14:00:00,2020-02-04 14:00:00
736,BoxMakers,Wool Rolls,70,2020-01-31 15:00:00,2020-02-04 15:00:00
737,BoxMakers,Nuts,70,2020-01-31 16:00:00,2020-02-04 16:00:00
738,SteelCorp,Sugar,89,2020-01-31 17:00:00,2020-02-04 17:00:00
739,FastenIt,Palm Oil,84,2020-01-31 18:00:00,2020-02-04 18:00:00
740,BoxMakers,Polyester Fabric,99,2020-01-31 19:00:00,2020-02-04 19:00:00
741,BoxMakers,Palm Oil,96,2020-01-31 20:00:00,2020-02-04 20:00:00
742,FastenIt,Aluminum Cans,80,2020-01-31 21:00:00,2020-02-04 21:00:00
743,BoxMakers,Wool Rolls,77,2020-01-31 22:00:00,2020-02-04 22:00:00
744,BoxMakers,Nylon Granules,86,2020-01-31 23:00:00,2020-02-04 23:00:00
745,SteelCorp,Timber Logs,59,2020-02-01 00:00:00,2020-02-05 00:00:00
746,PolyPlast,Pins,58,2020-02-01 01:00:00,2020-02-05 01:00:00
747,SteelCorp,Wool Rolls,70,2020-02-01 02:00:00,2020-02-05 02:00:00
748,FastenIt,Copper PCBs,73,2020-02-01 03:00:00,2020-02-05 03:00:00
749,BoxMakers,Benzene,98,2020-02-01 04:00:00,2020-02-05 04:00:00
750,SteelCorp,Bubble Wrap,89,2020-02-01 05:00:00,2020-02-05 05:00:00
751,SteelCorp,Silicon Wafers,93,2020-02-01 06:00:00,2020-02-05 06:00:00
752,BoxMakers,Plastic Crates,92,2020-02-01 07:00:00,2020-02-05 07:00:00
753,FastenIt,Sugar,63,2020-02-01 08:00:00,2020-02-05 08:00:00
754,PolyPlast,Jute Bags,97,2020-02-01 09:00:00,2020-02-05 09:00:00
755,FastenIt,Copper Wire,59,2020-02-01 10:00:00,2020-02-05 10:00:00
756,BoxMakers,Polycarbonate Pellets,77,2020-02-01 11:00:00,2020-02-05 11:00:00
757,BoxMakers,Polystyrene Foam,76,2020-02-01 12:00:00,2020-02-05 12:00:00
758,PolyPlast,Clay Bricks,87,2020-02-01 13:00:00,2020-02-05 13:00:00
759,PolyPlast,Springs,84,2020-02-01 14:00:00,2020-02-05 14:00:00
760,BoxMakers,Sodium Hydroxide,56,2020-02-01 15:00:00,2020-02-05 15:00:00
761,FastenIt,Screws,91,2020-02-01 16:00:00,2020-02-05 16:00:00
762,PolyPlast,Titanium Plates,95,2020-02-01 17:00:00,2020-02-05 17:00:00
763,BoxMakers,Transistors,87,2020-02-01 18:00:00,2020-02-05 18:00:00
764,PolyPlast,Plastic Caps,56,2020-02-01 19:00:00,2020-02-05 19:00:00
765,FastenIt,Silicone Oil,71,2020-02-01 20:00:00,2020-02-05 20:00:00
766,BoxMakers,Iron Ingots,53,2020-02-01 21:00:00,2020-02-05 21:00:00
767,FastenIt,Seals,61,2020-02-01 22:00:00,2020-02-05 22:00:00
768,SteelCorp,Silicone Oil,92,2020-02-01 23:00:00,2020-02-05 23:00:00
769,PolyPlast,Plywood Sheets,61,2020-02-02 00:00:00,2020-02-06 00:00:00
770,PolyPlast,Washers,79,2020-02-02 01:00:00,2020-02-06 01:00:00
771,BoxMakers,Gelatin Powder,64,2020-02-02 02:00:00,2020-02-06 02:00:00
772,BoxMakers,Teflon Sheets,69,2020-02-02 03:00:00,2020-02-06 03:00:00
773,SteelCorp,Denim Fabric,76,2020-02-02 04:00:00,2020-02-06 04:00:00
774,BoxMakers,Sulfuric Acid,93,2020-02-02 05:00:00,2020-02-06 05:00:00
775,PolyPlast,Brass Fittings,66,2020-02-02 06:00:00,2020-02-06 06:00:00
776,FastenIt,Teflon Sheets,85,2020-02-02 07:00:00,2020-02-06 07:00:00
777,BoxMakers,Soy Protein,67,2020-02-02 08:00:00,2020-02-06 08:00:00
778,SteelCorp,Lithium Batteries,66,2020-02-02 09:00:00,2020-02-06 09:00:00
779,FastenIt,Plastic Caps,60,2020-02-02 10:00:00,2020-02-06 10:00:00
780,PolyPlast,Polyester Fabric,59,2020-02-02 11:00:00,2020-02-06 11:00:00
781,BoxMakers,Teflon Sheets,85,2020-02-02 12:00:00,2020-02-06 12:00:00
782,SteelCorp,PVC Pipes,75,2020-02-02 13:00:00,2020-02-06 13:00:00
783,BoxMakers,Corn Starch,76,2020-02-02 14:00:00,2020-02-06 14:00:00
784,PolyPlast,Wooden Pallets,65,2020-02-02 15:00:00,2020-02-06 15:00:00
785,BoxMakers,Bolts,77,2020-02-02 16:00:00,2020-02-06 16:00:00
786,PolyPlast,Ceramic Tiles,54,2020-02-02 17:00:00,2020-02-06 17:00:00
787,SteelCorp,Clamps,88,2020-02-02 18:00:00,2020-02-06 18:00:00
788,SteelCorp,Acrylic Sheets,71,2020-02-02 19:00:00,2020-02-06 19:00:00
789,PolyPlast,Wooden Pallets,89,2020-02-02 20:00:00,2020-02-06 20:00:00
790,SteelCorp,Jute Bags,99,2020-02-02 21:00:00,2020-02-06 21:00:00
791,BoxMakers,Silicon Wafers,73,2020-02-02 22:00:00,2020-02-06 22:00:00
792,SteelCorp,Acetone,94,2020-02-02 23:00:00,2020-02-06 23:00:00
793,FastenIt,Aluminum Cans,88,2020-02-03 00:00:00,2020-02-07 00:00:00
794,PolyPlast,Coffee Beans,93,2020-02-03 01:00:00,2020-02-07 01:00:00
795,BoxMakers,Iron Ingots,93,2020-02-03 02:00:00,2020-02-07 02:00:00
796,SteelCorp,Lithium Batteries,72,2020-02-03 03:00:00,2020-02-07 03:00:00
797,BoxMakers,Plastic Crates,78,2020-02-03 04:00:00,2020-02-07 04:00:00
798,FastenIt,Cardboard Boxes,96,2020-02-03 05:00:00,2020-02-07 05:00:00
799,SteelCorp,Nylon Granules,93,2020-02-03 06:00:00,2020-02-07 06:00:00
800,SteelCorp,Polyethylene Pellets,56,2020-02-03 07:00:00,2020-02-07 07:00:00
801,PolyPlast,Latex Compound,63,2020-02-03 08:00:00,2020-02-07 08:00:00
802,SteelCorp,Gelatin Powder,63,2020-02-03 09:00:00,2020-02-07 09:00:00
803,PolyPlast,ABS Resin,67,2020-02-03 10:00:00,2020-02-07 10:00:00
804,SteelCorp,Iron Ingots,90,2020-02-03 11:00:00,2020-02-07 11:00:00
805,BoxMakers,Bearings,80,2020-02-03 12:00:00,2020-02-07 12:00:00
806,FastenIt,Polystyrene Foam,54,2020-02-03 13:00:00,2020-02-07 13:00:00
807,FastenIt,Isopropyl Alcohol,68,2020-02-03 14:00:00,2020-02-07 14:00:00
808,SteelCorp,Gelatin Powder,98,2020-02-03 15:00:00,2020-02-07 15:00:00
809,BoxMakers,Kraft Paper Rolls,52,2020-02-03 16:00:00,2020-02-07 16:00:00
810,PolyPlast,Ammonia,77,2020-02-03 17:00:00,2020-02-07 17:00:00
811,FastenIt,Cocoa Beans,58,2020-02-03 18:00:00,2020-02-07 18:00:00
812,FastenIt,Sodium Hydroxide,93,2020-02-03 19:00:00,2020-02-07 19:00:00
813,SteelCorp,Bubble Wrap,65,2020-02-03 20:00:00,2020-02-07 20:00:00
814,BoxMakers,Rivets,73,2020-02-03 21:00:00,2020-02-07 21:00:00
815,SteelCorp,Transistors,97,2020-02-03 22:00:00,2020-02-07 22:00:00
816,BoxMakers,Copper Wire,80,2020-02-03 23:00:00,2020-02-07 23:00:00
817,SteelCorp,Ammonia,63,2020-02-04 00:00:00,2020-02-08 00:00:00
818,FastenIt,Steel Rods,78,2020-02-04 01:00:00,2020-02-08 01:00:00
819,BoxMakers,Copper PCBs,96,2020-02-04 02:00:00,2020-02-08 02:00:00
820,BoxMakers,Wheat Flour,64,2020-02-04 03:00:00,2020-02-08 03:00:00
821,SteelCorp,Screws,96,2020-02-04 04:00:00,2020-02-08 04:00:00
822,SteelCorp,Bearings,95,2020-02-04 05:00:00,2020-02-08 05:00:00
823,BoxMakers,Cement Bags,83,2020-02-04 06:00:00,2020-02-08 06:00:00
824,PolyPlast,Plastic Crates,54,2020-02-04 07:00:00,2020-02-08 07:00:00
825,FastenIt,Seals,60,2020-02-04 08:00:00,2020-02-08 08:00:00
826,PolyPlast,Soy Protein,68,2020-02-04 09:00:00,2020-02-08 09:00:00
827,PolyPlast,PVC Pipes,86,2020-02-04 10:00:00,2020-02-08 10:00:00
828,PolyPlast,Cement Bags,58,2020-02-04 11:00:00,2020-02-08 11:00:00
829,SteelCorp,Jute Bags,59,2020-02-04 12:00:00,2020-02-08 12:00:00
830,BoxMakers,Washers,96,2020-02-04 13:00:00,2020-02-08 13:00:00
831,PolyPlast,Polyester Fabric,63,2020-02-04 14:00:00,2020-02-08 14:00:00
832,PolyPlast,Benzene,62,2020-02-04 15:00:00,2020-02-08 15:00:00
833,FastenIt,LED Chips,79,2020-02-04 16:00:00,2020-02-08 16:00:00
834,FastenIt,Washers,64,2020-02-04 17:00:00,2020-02-08 17:00:00
835,PolyPlast,Cardboard Boxes,90,2020-02-04 18:00:00,2020-02-08 18:00:00
836,FastenIt,Seals,63,2020-02-04 19:00:00,2020-02-08 19:00:00
837,PolyPlast,Isopropyl Alcohol,59,2020-02-04 20:00:00,2020-02-08 20:00:00
838,FastenIt,Benzene,96,2020-02-04 21:00:00,2020-02-08 21:00:00
839,BoxMakers,Resistors,62,2020-02-04 22:00:00,2020-02-08 22:00:00
840,SteelCorp,Kraft Paper Rolls,87,2020-02-04 23:00:00,2020-02-08 23:00:00
841,BoxMakers,Polyethylene Pellets,79,2020-02-05 00:00:00,2020-02-09 00:00:00
842,PolyPlast,Rivets,95,2020-02-05 01:00:00,2020-02-09 01:00:00
843,PolyPlast,Polycarbonate Pellets,61,2020-02-05 02:00:00,2020-02-09 02:00:00
844,PolyPlast,Steel Rods,94,2020-02-05 03:00:00,2020-02-09 03:00:00
845,PolyPlast,Leather Hides,91,2020-02-05 04:00:00,2020-02-09 04:00:00
846,BoxMakers,Velvet Cloth,99,2020-02-05 05:00:00,2020-02-09 05:00:00
847,SteelCorp,Ceramic Tiles,74,2020-02-05 06:00:00,2020-02-09 06:00:00
848,PolyPlast,Aluminum Cans,58,2020-02-05 07:00:00,2020-02-09 07:00:00
849,BoxMakers,Bearings,65,2020-02-05 08:00:00,2020-02-09 08:00:00
850,FastenIt,Wooden Pallets,82,2020-02-05 09:00:00,2020-02-09 09:00:00
851,PolyPlast,Plastic Caps,94,2020-02-05 10:00:00,2020-02-09 10:00:00
852,FastenIt,Sodium Hydroxide,66,2020-02-05 11:00:00,2020-02-09 11:00:00
853,PolyPlast,Ceramic Tiles,94,2020-02-05 12:00:00,2020-02-09 12:00:00
854,PolyPlast,Springs,99,2020-02-05 13:00:00,2020-02-09 13:00:00
855,BoxMakers,Glass Sheets,61,2020-02-05 14:00:00,2020-02-09 14:00:00
856,SteelCorp,Wool Rolls,65,2020-02-05 15:00:00,2020-02-09 15:00:00
857,BoxMakers,Silicon Wafers,75,2020-02-05 16:00:00,2020-02-09 16:00:00
858,BoxMakers,Wheat Flour,71,2020-02-05 17:00:00,2020-02-09 17:00:00
859,FastenIt,Canvas Sheets,72,2020-02-05 18:00:00,2020-02-09 18:00:00
860,BoxMakers,Ethanol,67,2020-02-05 19:00:00,2020-02-09 19:00:00
861,BoxMakers,Screws,78,2020-02-05 20:00:00,2020-02-09 20:00:00
862,BoxMakers,Seals,77,2020-02-05 21:00:00,2020-02-09 21:00:00
863,SteelCorp,Salt,94,2020-02-05 22:00:00,2020-02-09 22:00:00
864,FastenIt,Latex Compound,58,2020-02-05 23:00:00,2020-02-09 23:00:00
865,PolyPlast,Springs,77,2020-02-06 00:00:00,2020-02-10 00:00:00
866,PolyPlast,Aluminum Sheets,78,2020-02-06 01:00:00,2020-02-10 01:00:00
867,FastenIt,Lead Blocks,89,2020-02-06 02:00:00,2020-02-10 02:00:00
868,FastenIt,Nuts,93,2020-02-06 03:00:00,2020-02-10 03:00:00
869,BoxMakers,Polypropylene Sheets,89,2020-02-06 04:00:00,2020-02-10 04:00:00
870,FastenIt,Gravel,85,2020-02-06 05:00:00,2020-02-10 05:00:00
871,BoxMakers,Clay Bricks,80,2020-02-06 06:00:00,2020-02-10 06:00:00
872,BoxMakers,Timber Logs,91,2020-02-06 07:00:00,2020-02-10 07:00:00
873,PolyPlast,Diodes,59,2020-02-06 08:00:00,2020-02-10 08:00:00
874,FastenIt,Denim Fabric,93,2020-02-06 09:00:00,2020-02-10 09:00:00
875,PolyPlast,Rivets,67,2020-02-06 10:00:00,2020-02-10 10:00:00
876,FastenIt,Epoxy Resin,66,2020-02-06 11:00:00,2020-02-10 11:00:00
877,PolyPlast,Gypsum Boards,50,2020-02-06 12:00:00,2020-02-10 12:00:00
878,BoxMakers,Rivets,76,2020-02-06 13:00:00,2020-02-10 13:00:00
879,BoxMakers,Cement Bags,57,2020-02-06 14:00:00,2020-02-10 14:00:00
880,PolyPlast,Concrete Blocks,68,2020-02-06 15:00:00,2020-02-10 15:00:00
881,BoxMakers,Corrugated Sheets,61,2020-02-06 16:00:00,2020-02-10 16:00:00
882,SteelCorp,Bolts,62,2020-02-06 17:00:00,2020-02-10 17:00:00
883,PolyPlast,Acrylic Sheets,63,2020-02-06 18:00:00,2020-02-10 18:00:00
884,PolyPlast,Fiber Optic Cables,58,2020-02-06 19:00:00,2020-02-10 19:00:00
885,FastenIt,Stainless Steel Pipes,90,2020-02-06 20:00:00,2020-02-10 20:00:00
886,BoxMakers,Sodium Hydroxide,68,2020-02-06 21:00:00,2020-02-10 21:00:00
887,SteelCorp,Brass Fittings,67,2020-02-06 22:00:00,2020-02-10 22:00:00
888,FastenIt,Nickel Powder,92,2020-02-06 23:00:00,2020-02-10 23:00:00
889,PolyPlast,Cement Bags,94,2020-02-07 00:00:00,2020-02-11 00:00:00
890,SteelCorp,Corrugated Sheets,84,2020-02-07 01:00:00,2020-02-11 01:00:00
891,SteelCorp,Milk Powder,61,2020-02-07 02:00:00,2020-02-11 02:00:00
892,BoxMakers,Polypropylene Sheets,73,2020-02-07 03:00:00,2020-02-11 03:00:00
893,PolyPlast,Nylon Thread,56,2020-02-07 04:00:00,2020-02-11 04:00:00
894,FastenIt,Plastic Caps,64,2020-02-07 05:00:00,2020-02-11 05:00:00
895,SteelCorp,Corn Starch,96,2020-02-07 06:00:00,2020-02-11 06:00:00
896,PolyPlast,Leather Hides,93,2020-02-07 07:00:00,2020-02-11 07:00:00
897,BoxMakers,Magnetic Coils,51,2020-02-07 08:00:00,2020-02-11 08:00:00
898,PolyPlast,Stainless Steel Pipes,64,2020-02-07 09:00:00,2020-02-11 09:00:00
899,BoxMakers,Palm Oil,87,2020-02-07 10:00:00,2020-02-11 10:00:00
900,PolyPlast,Clamps,56,2020-02-07 11:00:00,2020-02-11 11:00:00
901,FastenIt,PVC Pipes,97,2020-02-07 12:00:00,2020-02-11 12:00:00
902,PolyPlast,LED Chips,94,2020-02-07 13:00:00,2020-02-11 13:00:00
903,FastenIt,Gelatin Powder,59,2020-02-07 14:00:00,2020-02-11 14:00:00
904,BoxMakers,Polystyrene Foam,53,2020-02-07 15:00:00,2020-02-11 15:00:00
905,SteelCorp,Iron Ingots,59,2020-02-07 16:00:00,2020-02-11 16:00:00
906,SteelCorp,Sodium Hydroxide,84,2020-02-07 17:00:00,2020-02-11 17:00:00
907,FastenIt,Resistors,80,2020-02-07 18:00:00,2020-02-11 18:00:00
908,PolyPlast,Glass Sheets,51,2020-02-07 19:00:00,2020-02-11 19:00:00
909,PolyPlast,Corn Starch,88,2020-02-07 20:00:00,2020-02-11 20:00:00
910,PolyPlast,Sugar,64,2020-02-07 21:00:00,2020-02-11 21:00:00
911,SteelCorp,Stainless Steel Pipes,66,2020-02-07 22:00:00,2020-02-11 22:00:00
912,BoxMakers,Leather Hides,80,2020-02-07 23:00:00,2020-02-11 23:00:00
913,BoxMakers,Salt,63,2020-02-08 00:00:00,2020-02-12 00:00:00
914,BoxMakers,Salt,72,2020-02-08 01:00:00,2020-02-12 01:00:00
915,SteelCorp,Corrugated Sheets,96,2020-02-08 02:00:00,2020-02-12 02:00:00
916,BoxMakers,Seals,85,2020-02-08 03:00:00,2020-02-12 03:00:00
917,FastenIt,Sodium Hydroxide,73,2020-02-08 04:00:00,2020-02-12 04:00:00
918,FastenIt,Seals,87,2020-02-08 05:00:00,2020-02-12 05:00:00
919,SteelCorp,Seals,79,2020-02-08 06:00:00,2020-02-12 06:00:00
920,PolyPlast,Epoxy Resin,95,2020-02-08 07:00:00,2020-02-12 07:00:00
921,BoxMakers,Cement Bags,92,2020-02-08 08:00:00,2020-02-12 08:00:00
922,BoxMakers,Isopropyl Alcohol,76,2020-02-08 09:00:00,2020-02-12 09:00:00
923,FastenIt,Lead Blocks,68,2020-02-08 10:00:00,2020-02-12 10:00:00
924,SteelCorp,Polypropylene Sheets,72,2020-02-08 11:00:00,2020-02-12 11:00:00
925,PolyPlast,Silicone Oil,56,2020-02-08 12:00:00,2020-02-12 12:00:00
926,BoxMakers,Screws,60,2020-02-08 13:00:00,2020-02-12 13:00:00
927,SteelCorp,Sugar,93,2020-02-08 14:00:00,2020-02-12 14:00:00
928,SteelCorp,Aluminum Sheets,51,2020-02-08 15:00:00,2020-02-12 15:00:00
929,BoxMakers,Plastic Crates,59,2020-02-08 16:00:00,2020-02-12 16:00:00
930,PolyPlast,Transistors,76,2020-02-08 17:00:00,2020-02-12 17:00:00
931,BoxMakers,Polyethylene Pellets,98,2020-02-08 18:00:00,2020-02-12 18:00:00
932,SteelCorp,Milk Powder,65,2020-02-08 19:00:00,2020-02-12 19:00:00
933,FastenIt,Acetone,67,2020-02-08 20:00:00,2020-02-12 20:00:00
934,FastenIt,Bubble Wrap,69,2020-02-08 21:00:00,2020-02-12 21:00:00
935,SteelCorp,ABS Resin,69,2020-02-08 22:00:00,2020-02-12 22:00:00
936,SteelCorp,Gelatin Powder,51,2020-02-08 23:00:00,2020-02-12 23:00:00
937,PolyPlast,Transistors,77,2020-02-09 00:00:00,2020-02-13 00:00:00
938,SteelCorp,Stainless Steel Pipes,86,2020-02-09 01:00:00,2020-02-13 01:00:00
939,PolyPlast,Ethanol,85,2020-02-09 02:00:00,2020-02-13 02:00:00
940,SteelCorp,Kraft Paper Rolls,59,2020-02-09 03:00:00,2020-02-13 03:00:00
941,PolyPlast,Plastic Caps,91,2020-02-09 04:00:00,2020-02-13 04:00:00
942,BoxMakers,Cocoa Beans,63,2020-02-09 05:00:00,2020-02-13 05:00:00
943,FastenIt,Copper PCBs,56,2020-02-09 06:00:00,2020-02-13 06:00:00
944,PolyPlast,Bubble Wrap,74,2020-02-09 07:00:00,2020-02-13 07:00:00
945,FastenIt,Acetone,60,2020-02-09 08:00:00,2020-02-13 08:00:00
946,BoxMakers,Nuts,93,2020-02-09 09:00:00,2020-02-13 09:00:00
947,PolyPlast,Hydrochloric Acid,87,2020-02-09 10:00:00,2020-02-13 10:00:00
948,BoxMakers,Teflon Sheets,55,2020-02-09 11:00:00,2020-02-13 11:00:00
949,PolyPlast,Sand,90,2020-02-09 12:00:00,2020-02-13 12:00:00
950,FastenIt,Seals,65,2020-02-09 13:00:00,2020-02-13 13:00:00
951,BoxMakers,Isopropyl Alcohol,64,2020-02-09 14:00:00,2020-02-13 14:00:00
952,SteelCorp,Jute Bags,71,2020-02-09 15:00:00,2020-02-13 15:00:00
953,BoxMakers,Plastic Caps,50,2020-02-09 16:00:00,2020-02-13 16:00:00
954,PolyPlast,Cardboard Boxes,85,2020-02-09 17:00:00,2020-02-13 17:00:00
955,FastenIt,Polypropylene Sheets,83,2020-02-09 18:00:00,2020-02-13 18:00:00
956,SteelCorp,Copper PCBs,64,2020-02-09 19:00:00,2020-02-13 19:00:00
957,SteelCorp,Sand,56,2020-02-09 20:00:00,2020-02-13 20:00:00
958,BoxMakers,Nylon Granules,74,2020-02-09 21:00:00,2020-02-13 21:00:00
959,BoxMakers,Wool Rolls,53,2020-02-09 22:00:00,2020-02-13 22:00:00
960,SteelCorp,Ceramic Tiles,54,2020-02-09 23:00:00,2020-02-13 23:00:00
961,BoxMakers,Ceramic Tiles,87,2020-02-10 00:00:00,2020-02-14 00:00:00
962,FastenIt,Denim Fabric,90,2020-02-10 01:00:00,2020-02-14 01:00:00
963,SteelCorp,Ammonia,81,2020-02-10 02:00:00,2020-02-14 02:00:00
964,SteelCorp,Coffee Beans,77,2020-02-10 03:00:00,2020-02-14 03:00:00
965,BoxMakers,Sugar,91,2020-02-10 04:00:00,2020-02-14 04:00:00
966,BoxMakers,Silicon Wafers,53,2020-02-10 05:00:00,2020-02-14 05:00:00
967,PolyPlast,PVC Pipes,84,2020-02-10 06:00:00,2020-02-14 06:00:00
968,BoxMakers,Acetone,91,2020-02-10 07:00:00,2020-02-14 07:00:00
969,SteelCorp,Epoxy Resin,63,2020-02-10 08:00:00,2020-02-14 08:00:00
970,SteelCorp,Clay Bricks,99,2020-02-10 09:00:00,2020-02-14 09:00:00
971,PolyPlast,Polyethylene Pellets,67,2020-02-10 10:00:00,2020-02-14 10:00:00
972,PolyPlast,Titanium Plates,92,2020-02-10 11:00:00,2020-02-14 11:00:00
973,SteelCorp,Resistors,90,2020-02-10 12:00:00,2020-02-14 12:00:00
974,PolyPlast,Nylon Granules,95,2020-02-10 13:00:00,2020-02-14 13:00:00
975,SteelCorp,Sugar,60,2020-02-10 14:00:00,2020-02-14 14:00:00
976,BoxMakers,Plastic Crates,88,2020-02-10 15:00:00,2020-02-14 15:00:00
977,SteelCorp,Canvas Sheets,92,2020-02-10 16:00:00,2020-02-14 16:00:00
978,PolyPlast,Nuts,53,2020-02-10 17:00:00,2020-02-14 17:00:00
979,BoxMakers,Ethanol,77,2020-02-10 18:00:00,2020-02-14 18:00:00
980,SteelCorp,Timber Logs,65,2020-02-10 19:00:00,2020-02-14 19:00:00
981,SteelCorp,Capacitors,84,2020-02-10 20:00:00,2020-02-14 20:00:00
982,PolyPlast,PVC Pipes,86,2020-02-10 21:00:00,2020-02-14 21:00:00
983,PolyPlast,Wooden Pallets,92,2020-02-10 22:00:00,2020-02-14 22:00:00
984,FastenIt,Titanium Plates,89,2020-02-10 23:00:00,2020-02-14 23:00:00
985,SteelCorp,Glass Bottles,94,2020-02-11 00:00:00,2020-02-15 00:00:00
986,BoxMakers,Leather Hides,70,2020-02-11 01:00:00,2020-02-15 01:00:00
987,PolyPlast,Epoxy Resin,75,2020-02-11 02:00:00,2020-02-15 02:00:00
988,BoxMakers,Silicon Wafers,61,2020-02-11 03:00:00,2020-02-15 03:00:00
989,FastenIt,Ceramic Tiles,94,2020-02-11 04:00:00,2020-02-15 04:00:00
990,PolyPlast,Bubble Wrap,67,2020-02-11 05:00:00,2020-02-15 05:00:00
991,BoxMakers,Screws,55,2020-02-11 06:00:00,2020-02-15 06:00:00
992,SteelCorp,Gelatin Powder,69,2020-02-11 07:00:00,2020-02-15 07:00:00
993,BoxMakers,Seals,57,2020-02-11 08:00:00,2020-02-15 08:00:00
994,SteelCorp,Copper PCBs,54,2020-02-11 09:00:00,2020-02-15 09:00:00
995,BoxMakers,Sugar,81,2020-02-11 10:00:00,2020-02-15 10:00:00
996,SteelCorp,Silicon Wafers,79,2020-02-11 11:00:00,2020-02-15 11:00:00
997,SteelCorp,Nylon Thread,92,2020-02-11 12:00:00,2020-02-15 12:00:00
998,BoxMakers,Polypropylene Sheets,77,2020-02-11 13:00:00,2020-02-15 13:00:00
999,PolyPlast,Polypropylene Sheets,82,2020-02-11 14:00:00,2020-02-15 14:00:00
1000,SteelCorp,Denim Fabric,93,2020-02-11 15:00:00,2020-02-15 15:00:00
